CREATE DATABASE  IF NOT EXISTS `isp` /*!40100 DEFAULT CHARACTER SET utf8mb4 COLLATE utf8mb4_0900_ai_ci */ /*!80016 DEFAULT ENCRYPTION='N' */;
USE `isp`;
-- MySQL dump 10.13  Distrib 8.0.28, for Win64 (x86_64)
--
-- Host: 127.0.0.1    Database: isp
-- ------------------------------------------------------
-- Server version	8.0.28

/*!40101 SET @OLD_CHARACTER_SET_CLIENT=@@CHARACTER_SET_CLIENT */;
/*!40101 SET @OLD_CHARACTER_SET_RESULTS=@@CHARACTER_SET_RESULTS */;
/*!40101 SET @OLD_COLLATION_CONNECTION=@@COLLATION_CONNECTION */;
/*!50503 SET NAMES utf8 */;
/*!40103 SET @OLD_TIME_ZONE=@@TIME_ZONE */;
/*!40103 SET TIME_ZONE='+00:00' */;
/*!40014 SET @OLD_UNIQUE_CHECKS=@@UNIQUE_CHECKS, UNIQUE_CHECKS=0 */;
/*!40014 SET @OLD_FOREIGN_KEY_CHECKS=@@FOREIGN_KEY_CHECKS, FOREIGN_KEY_CHECKS=0 */;
/*!40101 SET @OLD_SQL_MODE=@@SQL_MODE, SQL_MODE='NO_AUTO_VALUE_ON_ZERO' */;
/*!40111 SET @OLD_SQL_NOTES=@@SQL_NOTES, SQL_NOTES=0 */;

--
-- Temporary view structure for view `customer_details`
--

DROP TABLE IF EXISTS `customer_details`;
/*!50001 DROP VIEW IF EXISTS `customer_details`*/;
SET @saved_cs_client     = @@character_set_client;
/*!50503 SET character_set_client = utf8mb4 */;
/*!50001 CREATE VIEW `customer_details` AS SELECT 
 1 AS `customer_id`,
 1 AS `customer_first_name`,
 1 AS `customer_last_name`,
 1 AS `customer_telephone`,
 1 AS `customer_email`,
 1 AS `customer_address`,
 1 AS `plan_name`,
 1 AS `modified_by`*/;
SET character_set_client = @saved_cs_client;

--
-- Table structure for table `customer_inventory`
--

DROP TABLE IF EXISTS `customer_inventory`;
/*!40101 SET @saved_cs_client     = @@character_set_client */;
/*!50503 SET character_set_client = utf8mb4 */;
CREATE TABLE `customer_inventory` (
  `INVENTORY_ID` int NOT NULL AUTO_INCREMENT,
  `INVENTORY_ORDER_ID` int DEFAULT NULL,
  `INVENTORY_CUSTOMER_ID` int DEFAULT NULL,
  `INVENTORY_DEVICE_ID` int DEFAULT NULL,
  PRIMARY KEY (`INVENTORY_ID`),
  KEY `customer_inventory_ibfk_1` (`INVENTORY_CUSTOMER_ID`),
  KEY `customer_inventory_ibfk_2` (`INVENTORY_ORDER_ID`),
  KEY `customer_inventory_ibfk_3` (`INVENTORY_DEVICE_ID`),
  CONSTRAINT `customer_inventory_ibfk_1` FOREIGN KEY (`INVENTORY_CUSTOMER_ID`) REFERENCES `customers` (`customer_id`) ON DELETE CASCADE ON UPDATE CASCADE,
  CONSTRAINT `customer_inventory_ibfk_2` FOREIGN KEY (`INVENTORY_ORDER_ID`) REFERENCES `orders` (`order_id`) ON DELETE CASCADE ON UPDATE CASCADE,
  CONSTRAINT `customer_inventory_ibfk_3` FOREIGN KEY (`INVENTORY_DEVICE_ID`) REFERENCES `inventory` (`device_id`) ON DELETE CASCADE ON UPDATE CASCADE
) ENGINE=InnoDB AUTO_INCREMENT=6 DEFAULT CHARSET=utf8mb4 COLLATE=utf8mb4_0900_ai_ci;
/*!40101 SET character_set_client = @saved_cs_client */;

--
-- Dumping data for table `customer_inventory`
--

LOCK TABLES `customer_inventory` WRITE;
/*!40000 ALTER TABLE `customer_inventory` DISABLE KEYS */;
INSERT INTO `customer_inventory` VALUES (2,3,12,49),(3,4,501,98),(5,6,506,48);
/*!40000 ALTER TABLE `customer_inventory` ENABLE KEYS */;
UNLOCK TABLES;

--
-- Temporary view structure for view `customer_invoice`
--

DROP TABLE IF EXISTS `customer_invoice`;
/*!50001 DROP VIEW IF EXISTS `customer_invoice`*/;
SET @saved_cs_client     = @@character_set_client;
/*!50503 SET character_set_client = utf8mb4 */;
/*!50001 CREATE VIEW `customer_invoice` AS SELECT 
 1 AS `ORDER_ID`,
 1 AS `CUSTOMER_FIRST_NAME`,
 1 AS `CUSTOMER_LAST_NAME`,
 1 AS `CUSTOMER_ADDRESS`,
 1 AS `PLAN_NAME`,
 1 AS `DEVICE_NAME`,
 1 AS `DEVICE_SERIAL_NUMBER`,
 1 AS `ORDER_QUOTATION`*/;
SET character_set_client = @saved_cs_client;

--
-- Temporary view structure for view `customer_orders`
--

DROP TABLE IF EXISTS `customer_orders`;
/*!50001 DROP VIEW IF EXISTS `customer_orders`*/;
SET @saved_cs_client     = @@character_set_client;
/*!50503 SET character_set_client = utf8mb4 */;
/*!50001 CREATE VIEW `customer_orders` AS SELECT 
 1 AS `order_id`,
 1 AS `customer_first_name`,
 1 AS `customer_last_name`,
 1 AS `plan_name`,
 1 AS `plan_burst_speed`,
 1 AS `plan_cost`,
 1 AS `order_quotation`*/;
SET character_set_client = @saved_cs_client;

--
-- Temporary view structure for view `customer_update`
--

DROP TABLE IF EXISTS `customer_update`;
/*!50001 DROP VIEW IF EXISTS `customer_update`*/;
SET @saved_cs_client     = @@character_set_client;
/*!50503 SET character_set_client = utf8mb4 */;
/*!50001 CREATE VIEW `customer_update` AS SELECT 
 1 AS `customer_id`,
 1 AS `customer_first_name`,
 1 AS `customer_last_name`,
 1 AS `customer_telephone`,
 1 AS `customer_email`,
 1 AS `customer_address`,
 1 AS `plan_id`*/;
SET character_set_client = @saved_cs_client;

--
-- Table structure for table `customers`
--

DROP TABLE IF EXISTS `customers`;
/*!40101 SET @saved_cs_client     = @@character_set_client */;
/*!50503 SET character_set_client = utf8mb4 */;
CREATE TABLE `customers` (
  `customer_id` int NOT NULL AUTO_INCREMENT,
  `customer_first_name` varchar(45) NOT NULL,
  `customer_last_name` varchar(45) NOT NULL,
  `customer_telephone` varchar(10) NOT NULL,
  `customer_email` varchar(45) DEFAULT NULL,
  `customer_address` varchar(45) DEFAULT NULL,
  `customer_plan` int DEFAULT NULL,
  `created_on` datetime DEFAULT NULL,
  `modified_on` datetime DEFAULT NULL,
  `modified_by` varchar(45) DEFAULT NULL,
  PRIMARY KEY (`customer_id`),
  KEY `customer_plan` (`customer_plan`),
  KEY `modified_by` (`modified_by`),
  CONSTRAINT `customers_ibfk_4` FOREIGN KEY (`customer_plan`) REFERENCES `plans` (`plan_id`) ON DELETE SET NULL ON UPDATE SET NULL,
  CONSTRAINT `modified_by_user` FOREIGN KEY (`modified_by`) REFERENCES `users` (`username`) ON DELETE SET NULL ON UPDATE SET NULL
) ENGINE=InnoDB AUTO_INCREMENT=508 DEFAULT CHARSET=utf8mb4 COLLATE=utf8mb4_0900_ai_ci;
/*!40101 SET character_set_client = @saved_cs_client */;

--
-- Dumping data for table `customers`
--

LOCK TABLES `customers` WRITE;
/*!40000 ALTER TABLE `customers` DISABLE KEYS */;
INSERT INTO `customers` VALUES (3,'Lani','Norton','154919822','sed.libero@protonmail.net','Ap #442-6677 mi ave',NULL,'2022-01-20 10:15:17',NULL,'admin'),(4,'Leah','Gregory','4607355','leo.morbi.neque@google.net','829-9353 interdum. rd.',NULL,'2022-01-20 10:15:17',NULL,'admin'),(5,'Ray','Waters','4447366','nulla.aliquet@protonmail.net','487-2713 In Rd.',NULL,'2022-01-20 10:15:17',NULL,NULL),(7,'Avram','Rutledge','4425224','facilisis.vitae@protonmail.ca','Ap #997-9408 Proin Road',NULL,'2022-01-20 10:15:17',NULL,NULL),(8,'Camille','Potter','6892489','blandit.viverra@protonmail.com','815-5807 Nullam St.',NULL,'2022-01-20 10:15:17',NULL,NULL),(9,'Violet','Marks','7715556','magna.praesent@outlook.couk','Ap #226-3303 Est. Av.',NULL,'2022-01-20 10:15:17',NULL,NULL),(10,'Hermione','Compton','4470762','neque@hotmail.couk','Ap #313-1279 Dolor Ave',NULL,'2022-01-20 10:15:17',NULL,NULL),(11,'Montana','Fletcher','2135384','enim.gravida@icloud.edu','Ap #191-2838 Enim. Rd.',NULL,'2022-01-20 10:15:17',NULL,NULL),(12,'Abel','Schultz','7338481','est@aol.net','746-2494 in, st.',5,'2022-01-20 10:15:17',NULL,'admin'),(13,'Basil','Barrera','6116554','ullamcorper.nisl@hotmail.com','Ap #230-6023 Donec Av.',NULL,'2022-01-20 10:15:17',NULL,NULL),(14,'Quintessa','Mosley','8183699','lobortis@outlook.com','Ap #819-4371 Quisque Ave',NULL,'2022-01-20 10:15:17',NULL,NULL),(15,'Hilda','Baldwin','5065391','magna.tellus@icloud.edu','P.O. Box 531, 4656 Lectus Rd.',NULL,'2022-01-20 10:15:17',NULL,NULL),(16,'Remedios','Bates','5549634','dui.quis@protonmail.net','Ap #294-6556 Id Rd.',NULL,'2022-01-20 10:15:17',NULL,NULL),(17,'Leslie','Merritt','5127462','est.nunc@outlook.couk','6704 Vivamus Road',NULL,'2022-01-20 10:15:17',NULL,NULL),(18,'Wesley','Heath','8611272','morbi.tristique@google.couk','Ap #198-8634 Nulla Rd.',NULL,'2022-01-20 10:15:17',NULL,NULL),(19,'Eaton','Douglas','3112528','eu@aol.org','7689 At, Rd.',NULL,'2022-01-20 10:15:17',NULL,NULL),(20,'Thaddeus','Harper','6140630','penatibus@google.edu','128-7739 Viverra. Avenue',NULL,'2022-01-20 10:15:17',NULL,NULL),(21,'Zephania','Gibson','8356460','ornare.lectus@aol.ca','3230 Mattis Road',NULL,'2022-01-20 10:15:17',NULL,NULL),(22,'Nasim','Bender','9553470','praesent@aol.org','P.O. Box 862, 7013 Iaculis St.',NULL,'2022-01-20 10:15:17',NULL,NULL),(23,'Emmanuel','Vazquez','1048716','ligula.elit@outlook.ca','989-6634 Non Road',NULL,'2022-01-20 10:15:17',NULL,NULL),(24,'Ezra','Hicks','8554671','fermentum@google.com','675-3663 Et Ave',NULL,'2022-01-20 10:15:17',NULL,NULL),(25,'Gareth','Conner','4236114','semper.auctor.mauris@outlook.com','168-6966 Metus Road',NULL,'2022-01-20 10:15:17',NULL,NULL),(26,'Shay','Hawkins','5446467','elit@aol.org','833-9214 Cursus St.',NULL,'2022-01-20 10:15:17',NULL,NULL),(27,'Philip','Drake','4453852','tincidunt.pede@google.com','504-8037 Duis St.',NULL,'2022-01-20 10:15:17',NULL,NULL),(28,'Stephanie','Woods','8266710','nunc.ullamcorper@outlook.edu','1882 Proin Ave',NULL,'2022-01-20 10:15:17',NULL,NULL),(29,'Ciara','Schneider','2486565','neque.non@hotmail.org','555-4780 Nec Ave',NULL,'2022-01-20 10:15:17',NULL,NULL),(30,'Shana','Saunders','8611575','tortor.nunc@google.org','Ap #124-5352 Ultrices Av.',NULL,'2022-01-20 10:15:17',NULL,NULL),(31,'Gillian','Pruitt','8535824','pede@outlook.org','Ap #660-6930 Egestas St.',NULL,'2022-01-20 10:15:17',NULL,NULL),(32,'Kasper','Francis','6241102','diam@aol.com','205-2607 Lorem, Av.',NULL,'2022-01-20 10:15:17',NULL,NULL),(33,'Quail','Sweeney','3215662','egestas.urna@protonmail.ca','317-9052 Risus Road',NULL,'2022-01-20 10:15:17',NULL,NULL),(34,'ctavius','Waters','4977759','suspendisse.sed@yahoo.ca','P.O. Box 802, 5651 Egestas, Ave',NULL,'2022-01-20 10:15:17',NULL,NULL),(35,'Hadley','Barry','2863326','vestibulum.neque@icloud.net','Ap #327-3331 Proin Rd.',NULL,'2022-01-20 10:15:17',NULL,NULL),(36,'Mollie','Fields','4155043','cras.eget@hotmail.com','9784 Orci Rd.',NULL,'2022-01-20 10:15:17',NULL,NULL),(37,'Frances','Larson','8652731','molestie@icloud.com','Ap #393-322 Fringilla Road',NULL,'2022-01-20 10:15:17',NULL,NULL),(38,'Emi','Hutchinson','4262284','aliquam@outlook.org','Ap #693-1912 Eget Av.',NULL,'2022-01-20 10:15:17',NULL,NULL),(39,'Xyla','Pruitt','3531472','molestie.sed@hotmail.com','Ap #140-8532 Varius Rd.',NULL,'2022-01-20 10:15:17',NULL,NULL),(40,'Merritt','Erickson','6073821','ac@protonmail.org','774-4644 Nec, Rd.',NULL,'2022-01-20 10:15:17',NULL,NULL),(41,'Eagan','Horton','2075451','velit.quisque@protonmail.org','Ap #315-6399 Ipsum Rd.',NULL,'2022-01-20 10:15:17',NULL,NULL),(42,'Phoebe','Schmidt','8331312','lorem.semper@protonmail.net','Ap #558-4332 Neque. Rd.',NULL,'2022-01-20 10:15:17',NULL,NULL),(43,'Nash','Cline','7583328','laoreet@icloud.edu','4871 Amet Ave',NULL,'2022-01-20 10:15:17',NULL,NULL),(44,'Hayes','Johns','1426941','sit@yahoo.org','P.O. Box 394, 3366 Tempus Ave',NULL,'2022-01-20 10:15:17',NULL,NULL),(45,'Xanthus','Shepherd','8684930','risus@protonmail.net','P.O. Box 790, 2334 Ante St.',NULL,'2022-01-20 10:15:17',NULL,NULL),(46,'Ross','neil','8364481','aliquam.auctor@hotmail.com','3937 Primis Rd.',NULL,'2022-01-20 10:15:17',NULL,NULL),(47,'Brooke','Gardner','4467269','ligula@aol.com','P.O. Box 343, 6546 Lacinia Rd.',NULL,'2022-01-20 10:15:17',NULL,NULL),(48,'Heather','Wilcox','3121388','urna@hotmail.com','Ap #780-930 Sed Av.',NULL,'2022-01-20 10:15:17',NULL,NULL),(49,'Curran','rtiz','8435273','augue.scelerisque@hotmail.org','470-9564 Nonummy Rd.',NULL,'2022-01-20 10:15:17',NULL,NULL),(50,'Chantale','Bray','6038526','ut.pellentesque.eget@hotmail.couk','167-7228 Rhoncus. Rd.',NULL,'2022-01-20 10:15:17',NULL,NULL),(51,'Audra','Copeland','9564650','vitae.erat.vel@protonmail.edu','897-9459 Eu Street',NULL,'2022-01-20 10:15:17',NULL,NULL),(52,'Channing','Barry','6874831','pede@yahoo.com','658-1778 Urna. Av.',NULL,'2022-01-20 10:15:17',NULL,NULL),(53,'Jaime','Rocha','8536767','nonummy.ac.feugiat@hotmail.net','108 A Rd.',NULL,'2022-01-20 10:15:17',NULL,NULL),(54,'Lionel','Browning','7134697','cursus.non@outlook.com','435-1343 Gravida. Rd.',NULL,'2022-01-20 10:15:17',NULL,NULL),(55,'Eagan','Fulton','4298624','mauris@aol.edu','Ap #251-4014 Ridiculus Rd.',NULL,'2022-01-20 10:15:17',NULL,NULL),(56,'Uma','Knight','3525581','auctor.quis@google.com','Ap #419-5855 Metus St.',NULL,'2022-01-20 10:15:17',NULL,NULL),(57,'Hashim','Daugherty','8116228','ipsum.cursus.vestibulum@google.ca','Ap #253-2285 Arcu Rd.',NULL,'2022-01-20 10:15:17',NULL,NULL),(58,'Teegan','Merritt','2767735','volutpat@hotmail.couk','8745 Ut St.',NULL,'2022-01-20 10:15:17',NULL,NULL),(59,'Rooney','Hogan','7337745','eu.euismod.ac@aol.net','P.O. Box 417, 478 Vulputate St.',NULL,'2022-01-20 10:15:17',NULL,NULL),(60,'Howard','Scott','6859616','ornare.egestas@protonmail.org','528-1815 Ut, Avenue',NULL,'2022-01-20 10:15:17',NULL,NULL),(61,'George','Franklin','5417467','fermentum.vel.mauris@icloud.ca','P.O. Box 692, 4536 Lacus Av.',NULL,'2022-01-20 10:15:17',NULL,NULL),(62,'Rina','Shelton','6887827','feugiat.non.lobortis@protonmail.com','Ap #901-5117 Pellentesque St.',NULL,'2022-01-20 10:15:17',NULL,NULL),(63,'Kylan','Jennings','6383985','semper.pretium@aol.couk','7750 Metus Ave',NULL,'2022-01-20 10:15:17',NULL,NULL),(64,'Amos','Byrd','3121301','sem.ut.dolor@google.com','612-9144 Rutrum St.',NULL,'2022-01-20 10:15:17',NULL,NULL),(66,'Angelica','William','5814834','magna.suspendisse.tristique@outlook.couk','3507 Proin Rd.',NULL,'2022-01-20 10:15:17',NULL,NULL),(67,'Flavia','David','1263272','tempus.mauris@aol.com','105-4898 Velit. Rd.',NULL,'2022-01-20 10:15:17',NULL,NULL),(68,'Shoshana','Phillips','5703738','mi.enim.condimentum@icloud.net','333-875 Ut, Road',NULL,'2022-01-20 10:15:17',NULL,NULL),(69,'Cole','Burgess','1608058','consequat.auctor@protonmail.couk','P.O. Box 302, 7295 Eget St.',NULL,'2022-01-20 10:15:17',NULL,NULL),(70,'Demetria','Estrada','3948224','et.magnis@google.org','Ap #469-6303 Pede Rd.',NULL,'2022-01-20 10:15:17',NULL,NULL),(71,'Len','Mcconnell','4511577','nulla.semper@outlook.net','Ap #648-2268 Ullamcorper, St.',NULL,'2022-01-20 10:15:17',NULL,NULL),(72,'Tiger','Clements','7685966','eu.elit.nulla@icloud.couk','2430 Morbi Road',NULL,'2022-01-20 10:15:17',NULL,NULL),(73,'Brynn','Malone','8605423','ultrices@google.couk','Ap #132-8183 Tincidunt St.',NULL,'2022-01-20 10:15:17',NULL,NULL),(74,'Lucian','Ashley','5366562','sodales.nisi.magna@aol.edu','769-2256 Euismod Ave',NULL,'2022-01-20 10:15:17',NULL,NULL),(75,'Hop','Ross','1583237','id.enim@google.org','Ap #322-7605 A St.',NULL,'2022-01-20 10:15:17',NULL,NULL),(76,'Harlan','Cantu','5096876','urna@aol.org','672-6162 Proin Rd.',NULL,'2022-01-20 10:15:17',NULL,NULL),(77,'Uriah','Watson','3734716','libero@aol.org','Ap #125-2872 Id Rd.',NULL,'2022-01-20 10:15:17',NULL,NULL),(78,'Maya','Waller','4730723','metus@icloud.net','P.O. Box 379, 1341 Suspendisse Rd.',NULL,'2022-01-20 10:15:17',NULL,NULL),(79,'Adele','Petty','2229858','adipiscing.fringilla@google.couk','Ap #153-3130 Elit. Rd.',NULL,'2022-01-20 10:15:17',NULL,NULL),(80,'Alice','Chase','3134512','aenean.eget.magna@protonmail.couk','3281 Nulla. Ave',NULL,'2022-01-20 10:15:17',NULL,NULL),(81,'Nita','Lott','7785738','vel@icloud.org','176-4470 Elit Ave',NULL,'2022-01-20 10:15:17',NULL,NULL),(82,'Vera','Barton','3125876','vestibulum.ante@google.ca','5087 Et, St.',NULL,'2022-01-20 10:15:17',NULL,NULL),(83,'Audra','Morse','8430844','nulla@protonmail.net','234-9287 Ipsum. St.',NULL,'2022-01-20 10:15:17',NULL,NULL),(84,'Cheyenne','Johns','5233241','inceptos.hymenaeos.mauris@google.couk','Ap #826-5249 Quis Rd.',NULL,'2022-01-20 10:15:17',NULL,NULL),(85,'Rebekah','Nixon','6264169','vitae.orci@aol.ca','685 Fringilla Rd.',NULL,'2022-01-20 10:15:17',NULL,NULL),(86,'livia','Patterson','5802983','pede.et@protonmail.edu','541-1477 Malesuada Street',NULL,'2022-01-20 10:15:17',NULL,NULL),(87,'Judith','Farley','7618711','ornare.egestas@yahoo.couk','561-1525 Ac Ave',NULL,'2022-01-20 10:15:17',NULL,NULL),(88,'Marny','Mason','1144771','vulputate.posuere.vulputate@outlook.ca','Ap #980-3990 Ipsum Rd.',NULL,'2022-01-20 10:15:17',NULL,NULL),(89,'Mohammad','Nguyen','6704651','fusce.mi.lorem@hotmail.couk','Ap #960-6893 Nascetur Road',NULL,'2022-01-20 10:15:17',NULL,NULL),(90,'Leo','Terry','4432602','fames.ac@outlook.ca','856-5578 Nam Street',NULL,'2022-01-20 10:15:17',NULL,NULL),(91,'Lewis','Mcmahon','6323122','dui.nec@protonmail.com','Ap #368-1483 Nam Rd.',NULL,'2022-01-20 10:15:17',NULL,NULL),(92,'Kevin','Chang','2284648','eget@yahoo.couk','435-5696 Dolor. Rd.',NULL,'2022-01-20 10:15:17',NULL,NULL),(93,'Breanna','Bird','9191191','massa.suspendisse@google.couk','P.O. Box 306, 3457 Ad St.',NULL,'2022-01-20 10:15:17',NULL,NULL),(94,'Nicole','Bolton','2682972','turpis@yahoo.org','Ap #381-7254 Vehicula St.',NULL,'2022-01-20 10:15:17',NULL,NULL),(95,'Dale','Davis','9671267','tellus@protonmail.com','922-4532 Amet Rd.',NULL,'2022-01-20 10:15:17',NULL,NULL),(96,'Price','Glenn','6377829','nam.nulla.magna@icloud.edu','Ap #797-8599 Imperdiet, Street',NULL,'2022-01-20 10:15:17',NULL,NULL),(97,'Michael','Leach','6685311','neque.nullam@protonmail.couk','751-7817 Dictum Ave',NULL,'2022-01-20 10:15:17',NULL,NULL),(98,'Karen','Pugh','5087591','fusce@protonmail.couk','8736 Feugiat Rd.',NULL,'2022-01-20 10:15:17',NULL,NULL),(99,'Serena','sborn','9463922','nisl@icloud.edu','208-9705 Euismod Rd.',NULL,'2022-01-20 10:15:17',NULL,NULL),(100,'Lana','Watkins','5067654','ut@aol.couk','Ap #713-154 Ante Road',NULL,'2022-01-20 10:15:17',NULL,NULL),(101,'Kennan','neil','8227858','penatibus.et@aol.couk','Ap #854-5202 Mauris Rd.',NULL,'2022-01-20 10:15:17',NULL,NULL),(102,'Justin','Roach','6323426','tempus@google.edu','Ap #912-7427 Orci, Av.',NULL,'2022-01-20 10:15:17',NULL,NULL),(103,'Ifeoma','Waters','6288879','cubilia.curae.donec@yahoo.ca','640-3164 Orci, Rd.',NULL,'2022-01-20 10:15:17',NULL,NULL),(104,'Jaden','Moon','1799347','ornare.sagittis.felis@protonmail.com','Ap #361-4179 Dictum St.',NULL,'2022-01-20 10:15:17',NULL,NULL),(105,'Daryl','Bell','2213042','fermentum@aol.edu','575-8226 Consectetuer, Road',NULL,'2022-01-20 10:15:17',NULL,NULL),(106,'Rafael','Short','8878037','ipsum.primis@protonmail.edu','P.O. Box 884, 6868 Scelerisque, Av.',NULL,'2022-01-20 10:15:17',NULL,NULL),(107,'Logan','Golden','8146977','fringilla.mi@google.edu','8319 Faucibus Rd.',NULL,'2022-01-20 10:15:17',NULL,NULL),(108,'Keaton','Crawford','3585375','euismod@outlook.edu','337-8629 Magna Av.',NULL,'2022-01-20 10:15:17',NULL,NULL),(109,'Adrienne','Carr','2277154','suspendisse.aliquet@protonmail.com','7953 Ut Rd.',NULL,'2022-01-20 10:15:17',NULL,NULL),(110,'Dylan','Battle','6020018','magna@protonmail.edu','9529 Nullam Rd.',NULL,'2022-01-20 10:15:17',NULL,NULL),(111,'Hadley','Maxwell','7787763','auctor.odio.a@outlook.org','Ap #556-4320 Luctus St.',NULL,'2022-01-20 10:15:17',NULL,NULL),(112,'Chantale','Hull','6324803','luctus.sit.amet@icloud.net','Ap #255-4019 Nisi St.',NULL,'2022-01-20 10:15:17',NULL,NULL),(113,'Kaitlin','Cline','5534847','ultricies.adipiscing@icloud.edu','994-970 Cras Ave',NULL,'2022-01-20 10:15:17',NULL,NULL),(114,'Brent','Vinson','6327817','egestas.a.dui@outlook.couk','Ap #774-771 Ullamcorper St.',NULL,'2022-01-20 10:15:17',NULL,NULL),(115,'Sasha','Aguilar','9472375','enim.nec@hotmail.couk','1802 Leo. Road',NULL,'2022-01-20 10:15:17',NULL,NULL),(116,'Lucian','George','6598324','neque.nullam.nisl@yahoo.couk','Ap #130-3812 Dolor Av.',NULL,'2022-01-20 10:15:17',NULL,NULL),(117,'Adele','Cooley','5164176','sit.amet@google.com','P.O. Box 162, 7521 Ut Road',NULL,'2022-01-20 10:15:17',NULL,NULL),(118,'Kimberley','Fuentes','7134485','aenean@outlook.net','647-2937 Amet Rd.',NULL,'2022-01-20 10:15:17',NULL,NULL),(119,'Jesse','Howe','8435122','dui.cras.pellentesque@yahoo.org','P.O. Box 822, 4012 Lacinia Av.',NULL,'2022-01-20 10:15:17',NULL,NULL),(120,'Eagan','Curtis','8462438','est@aol.com','Ap #284-7167 Nisl Road',NULL,'2022-01-20 10:15:17',NULL,NULL),(121,'Jolene','Mason','4128849','mauris@icloud.com','Ap #617-4656 Lacinia. Rd.',NULL,'2022-01-20 10:15:17',NULL,NULL),(122,'Kasimir','Prince','5348077','mauris.ut@aol.edu','Ap #886-9441 Fusce Rd.',NULL,'2022-01-20 10:15:17',NULL,NULL),(123,'Amanda','Richard','2148417','auctor.vitae@aol.ca','560-6497 Integer Avenue',NULL,'2022-01-20 10:15:17',NULL,NULL),(124,'Ignacia','Eaton','2578234','nulla.donec.non@outlook.edu','P.O. Box 608, 6225 Diam Av.',NULL,'2022-01-20 10:15:17',NULL,NULL),(125,'Macy','Palmer','8586849','tincidunt.tempus@aol.couk','Ap #770-9206 Torquent St.',NULL,'2022-01-20 10:15:17',NULL,NULL),(126,'Valentine','Knowles','3875758','sem.egestas.blandit@hotmail.ca','P.O. Box 626, 1050 Quis Street',NULL,'2022-01-20 10:15:17',NULL,NULL),(127,'Yvonne','Hines','2606191','neque.nullam.nisl@protonmail.couk','6590 Placerat, Ave',NULL,'2022-01-20 10:15:17',NULL,NULL),(128,'Herman','Allison','2738224','elit.elit@protonmail.couk','592-8823 Quam Ave',NULL,'2022-01-20 10:15:17',NULL,NULL),(129,'Susan','Floyd','7480843','consequat@icloud.ca','8129 Egestas Rd.',NULL,'2022-01-20 10:15:17',NULL,NULL),(130,'Brandon','Johns','4324654','integer@hotmail.net','9929 Curae Rd.',NULL,'2022-01-20 10:15:17',NULL,NULL),(131,'Dale','Pearson','3131762','rutrum.lorem.ac@hotmail.couk','Ap #583-6869 Consequat Street',NULL,'2022-01-20 10:15:17',NULL,NULL),(132,'Alfonso','Alvarez','8323528','mauris.suspendisse.aliquet@icloud.com','Ap #327-9599 Magna Rd.',NULL,'2022-01-20 10:15:17',NULL,NULL),(133,'Hillary','Guy','4467617','volutpat.ornare@outlook.com','937-3318 Id Rd.',NULL,'2022-01-20 10:15:17',NULL,NULL),(134,'Adena','Nash','2854484','tincidunt.tempus.risus@icloud.edu','827-8739 Nonummy Av.',NULL,'2022-01-20 10:15:17',NULL,NULL),(135,'Aphrodite','Doyle','8318376','lacinia@outlook.ca','389 Proin Ave',NULL,'2022-01-20 10:15:17',NULL,NULL),(136,'Destiny','Stanley','6201384','et.rutrum@protonmail.edu','Ap #357-3832 Ornare Street',NULL,'2022-01-20 10:15:17',NULL,NULL),(137,'Valentine','Wilkerson','7333743','risus@hotmail.couk','462-3698 Mus. Ave',NULL,'2022-01-20 10:15:17',NULL,NULL),(138,'Mara','Mejia','6065486','habitant@protonmail.com','P.O. Box 977, 3921 Augue, Rd.',NULL,'2022-01-20 10:15:17',NULL,NULL),(139,'Rajah','Silva','4325442','proin.eget@hotmail.edu','4235 Semper Av.',NULL,'2022-01-20 10:15:17',NULL,NULL),(140,'Myles','Whitehead','8203203','non@yahoo.org','823-1724 Velit. St.',NULL,'2022-01-20 10:15:17',NULL,NULL),(141,'Faith','Santiago','6471301','orci.lacus@aol.edu','Ap #842-784 Hendrerit Ave',NULL,'2022-01-20 10:15:17',NULL,NULL),(142,'Nathan','Mueller','8167220','curabitur@yahoo.ca','P.O. Box 968, 2589 At Avenue',NULL,'2022-01-20 10:15:17',NULL,NULL),(143,'Jessamine','Lopez','3317038','duis@icloud.ca','2083 Vitae, Rd.',NULL,'2022-01-20 10:15:17',NULL,NULL),(144,'Kiara','Burks','3619583','ut@yahoo.com','Ap #635-5935 Non, St.',NULL,'2022-01-20 10:15:17',NULL,NULL),(145,'Nola','Jensen','3976527','mus.aenean@protonmail.couk','689 Nonummy Rd.',NULL,'2022-01-20 10:15:17',NULL,NULL),(146,'Ayanna','Hendricks','8659180','odio.nam@hotmail.couk','912-7741 Tincidunt Road',NULL,'2022-01-20 10:15:17',NULL,NULL),(147,'Nyssa','Spencer','6543122','est.nunc.laoreet@aol.couk','P.O. Box 673, 9584 Tempus Road',NULL,'2022-01-20 10:15:17',NULL,NULL),(148,'Michelle','Atkinson','8667713','consequat.lectus@google.ca','356-536 Blandit Street',NULL,'2022-01-20 10:15:17',NULL,NULL),(149,'Travis','Holden','7562778','mauris.blandit@aol.com','Ap #251-6857 In Avenue',NULL,'2022-01-20 10:15:17',NULL,NULL),(150,'Linda','Herman','9675651','sed.et@outlook.net','490-5341 Massa. Rd.',NULL,'2022-01-20 10:15:17',NULL,NULL),(151,'Ryder','Huber','6555141','scelerisque.scelerisque@protonmail.edu','Ap #575-229 Enim. Ave',NULL,'2022-01-20 10:15:17',NULL,NULL),(152,'Kessie','Miles','1183321','leo.elementum.sem@protonmail.couk','P.O. Box 567, 5575 Quis, Avenue',NULL,'2022-01-20 10:15:17',NULL,NULL),(153,'Brenna','Barton','6360323','iaculis.odio@aol.com','Ap #308-3929 Proin Ave',NULL,'2022-01-20 10:15:17',NULL,NULL),(154,'Joel','Pratt','6713848','ante.dictum@yahoo.com','3695 Semper Rd.',NULL,'2022-01-20 10:15:17',NULL,NULL),(155,'Wynne','Carey','5616767','diam.at@hotmail.org','799-7605 Aliquam Rd.',NULL,'2022-01-20 10:15:17',NULL,NULL),(156,'Germaine','Bradshaw','8074217','cubilia.curae.donec@protonmail.couk','P.O. Box 348, 2535 Duis Avenue',NULL,'2022-01-20 10:15:17',NULL,NULL),(157,'Helen','Mckee','6295245','ut@protonmail.net','Ap #762-7472 Sed Rd.',NULL,'2022-01-20 10:15:17',NULL,NULL),(158,'Emmanuel','Sheppard','7492363','etiam@yahoo.ca','Ap #362-8682 Dui, Avenue',NULL,'2022-01-20 10:15:17',NULL,NULL),(159,'Bryar','Mclean','5661572','et.magnis@hotmail.net','203-7643 Vestibulum Rd.',NULL,'2022-01-20 10:15:17',NULL,NULL),(160,'Tanner','Sosa','8987693','cras@yahoo.com','889-1841 Erat, St.',NULL,'2022-01-20 10:15:17',NULL,NULL),(161,'Mark','Bauer','6748732','eget@google.com','3359 Proin Av.',NULL,'2022-01-20 10:15:17',NULL,NULL),(162,'Clark','Forbes','7794872','fringilla.ornare@hotmail.com','Ap #935-7968 Morbi Road',NULL,'2022-01-20 10:15:17',NULL,NULL),(163,'Jayme','Sullivan','2174024','enim.condimentum.eget@outlook.org','917-429 Magna Rd.',NULL,'2022-01-20 10:15:17',NULL,NULL),(164,'Emi','Hodge','5227371','ipsum@hotmail.couk','502-6564 Dolor Rd.',NULL,'2022-01-20 10:15:17',NULL,NULL),(165,'Lacy','Mcdonald','6823226','parturient.montes.nascetur@aol.org','Ap #477-4835 Orci. Ave',NULL,'2022-01-20 10:15:17',NULL,NULL),(166,'Faith','Stevenson','1129970','morbi.sit@aol.com','869-3849 Metus. Avenue',NULL,'2022-01-20 10:15:17',NULL,NULL),(167,'Cynthia','French','1666764','montes.nascetur.ridiculus@aol.com','359-3308 Aliquet. Road',NULL,'2022-01-20 10:15:17',NULL,NULL),(168,'Tyrone','Bentley','5452447','justo.praesent@google.ca','Ap #816-2422 Euismod St.',NULL,'2022-01-20 10:15:17',NULL,NULL),(169,'Ryder','Briggs','5685134','adipiscing.mauris@hotmail.org','988-8916 Dui, St.',NULL,'2022-01-20 10:15:17',NULL,NULL),(170,'Sage','Collier','7882890','sem.egestas.blandit@hotmail.edu','957-9106 Quis Ave',NULL,'2022-01-20 10:15:17',NULL,NULL),(171,'Dorian','Dixon','7236642','nulla@outlook.com','2296 Tristique Ave',NULL,'2022-01-20 10:15:17',NULL,NULL),(172,'Julian','Love','9535773','mollis.phasellus@aol.org','199-2338 Augue St.',NULL,'2022-01-20 10:15:17',NULL,NULL),(173,'Rudyard','Benjamin','9317185','vulputate.posuere@hotmail.org','414-8372 Ligula St.',NULL,'2022-01-20 10:15:17',NULL,NULL),(174,'Shellie','Mercer','9772933','eu.lacus@protonmail.com','230 Nibh St.',NULL,'2022-01-20 10:15:17',NULL,NULL),(175,'Kylee','Conrad','5184837','placerat.eget.venenatis@outlook.org','126-1520 A Rd.',NULL,'2022-01-20 10:15:17',NULL,NULL),(176,'Josiah','Matthews','1797613','ac.mattis@aol.net','P.O. Box 376, 6565 Non, Ave',NULL,'2022-01-20 10:15:17',NULL,NULL),(177,'Erin','Mckay','3771137','duis@protonmail.ca','454-4945 Cum St.',NULL,'2022-01-20 10:15:17',NULL,NULL),(178,'Nissim','Lucas','2224118','ridiculus.mus@protonmail.couk','588-2560 Sagittis Av.',NULL,'2022-01-20 10:15:17',NULL,NULL),(179,'Leo','Lucas','5181876','magna.tellus@google.com','690-9293 Sem St.',NULL,'2022-01-20 10:15:17',NULL,NULL),(180,'Ila','Collins','4545793','id@icloud.net','P.O. Box 875, 3490 Ac Rd.',NULL,'2022-01-20 10:15:17',NULL,NULL),(181,'Colby','Salinas','7578458','ut.odio.vel@protonmail.ca','P.O. Box 988, 5353 Fusce St.',NULL,'2022-01-20 10:15:17',NULL,NULL),(182,'Inga','Solis','3166896','sed@icloud.couk','940-8961 Aenean Ave',NULL,'2022-01-20 10:15:17',NULL,NULL),(183,'Skyler','Burch','6464344','tempus.eu.ligula@hotmail.org','Ap #230-9698 Ac Street',NULL,'2022-01-20 10:15:17',NULL,NULL),(184,'Sage','Walters','4050308','tellus.nunc@hotmail.ca','Ap #786-892 Luctus Road',NULL,'2022-01-20 10:15:17',NULL,NULL),(185,'Zachery','Howell','3157367','interdum.libero@hotmail.com','P.O. Box 742, 9174 Sem Av.',NULL,'2022-01-20 10:15:17',NULL,NULL),(186,'Aaron','Petty','4404644','quam@outlook.com','P.O. Box 641, 5382 Consequat Street',NULL,'2022-01-20 10:15:17',NULL,NULL),(187,'Amal','Burris','5779231','ornare@outlook.ca','P.O. Box 498, 9175 Phasellus St.',NULL,'2022-01-20 10:15:17',NULL,NULL),(188,'Tana','Mathis','2749537','erat.neque.non@aol.org','Ap #287-7948 Tincidunt Rd.',NULL,'2022-01-20 10:15:17',NULL,NULL),(189,'Brynn','Nicholson','3642347','nascetur.ridiculus@protonmail.ca','295-560 Nulla Rd.',NULL,'2022-01-20 10:15:17',NULL,NULL),(190,'Colette','Harrison','3734126','nonummy.ultricies@outlook.couk','Ap #644-6256 Elit. Av.',NULL,'2022-01-20 10:15:17',NULL,NULL),(191,'Nevada','Dunlap','3499673','nisi.a@icloud.edu','4690 Libero. Rd.',NULL,'2022-01-20 10:15:17',NULL,NULL),(192,'Troy','Carter','1520406','sociis.natoque@outlook.com','P.O. Box 914, 2689 Tellus Rd.',NULL,'2022-01-20 10:15:17',NULL,NULL),(193,'Calista','Goff','7241347','a.felis@outlook.com','351-7259 Etiam Av.',NULL,'2022-01-20 10:15:17',NULL,NULL),(194,'Harper','Hart','6183908','congue.turpis.in@protonmail.ca','Ap #465-2271 Posuere Street',NULL,'2022-01-20 10:15:17',NULL,NULL),(195,'Dominic','Mason','9253157','enim.nec@yahoo.net','807-728 Erat Rd.',NULL,'2022-01-20 10:15:17',NULL,NULL),(196,'Aaron','Holloway','6814328','mauris.non@aol.net','7867 Non Road',NULL,'2022-01-20 10:15:17',NULL,NULL),(197,'Lacey','West','5746157','diam.sed.diam@protonmail.ca','683-4745 Id Street',NULL,'2022-01-20 10:15:17',NULL,NULL),(198,'Chancellor','Lester','6221402','massa.integer@icloud.ca','Ap #492-5327 Non, Rd.',NULL,'2022-01-20 10:15:17',NULL,NULL),(199,'Kirestin','Delgado','1271012','eros.nam.consequat@protonmail.ca','715-5367 Velit Avenue',NULL,'2022-01-20 10:15:17',NULL,NULL),(200,'Harper','Austin','3407454','quisque.libero@outlook.edu','5957 Egestas Street',NULL,'2022-01-20 10:15:17',NULL,NULL),(201,'Iola','Morrow','5648352','mi@yahoo.org','461-1171 Dolor St.',NULL,'2022-01-20 10:15:17',NULL,NULL),(202,'Kenneth','Marquez','4437641','cum.sociis.natoque@hotmail.edu','Ap #145-2556 Proin Street',NULL,'2022-01-20 10:15:17',NULL,NULL),(203,'Hop','Reid','2462284','auctor.velit@yahoo.net','804-4089 Nisi Rd.',NULL,'2022-01-20 10:15:17',NULL,NULL),(204,'Bo','Rogers','1285525','pulvinar.arcu@outlook.net','307-6191 Eu St.',NULL,'2022-01-20 10:15:17',NULL,NULL),(205,'Hedwig','Chan','4319766','vivamus.non@icloud.com','Ap #572-4818 Magna St.',NULL,'2022-01-20 10:15:17',NULL,NULL),(206,'Sydnee','Dixon','1574752','molestie@protonmail.edu','6436 A, Avenue',NULL,'2022-01-20 10:15:17',NULL,NULL),(207,'Kristen','Hayes','7279140','vel.est@hotmail.ca','Ap #993-4093 Duis Avenue',NULL,'2022-01-20 10:15:17',NULL,NULL),(208,'Carol','Galloway','8560102','varius.orci.in@outlook.org','898-414 Vel, Ave',NULL,'2022-01-20 10:15:17',NULL,NULL),(209,'Chiquita','Erickson','5471572','vitae.purus@icloud.couk','Ap #545-4133 Scelerisque Rd.',NULL,'2022-01-20 10:15:17',NULL,NULL),(210,'Rebecca','Erickson','7235473','lorem.tristique.aliquet@icloud.ca','P.O. Box 914, 4920 Porttitor Ave',NULL,'2022-01-20 10:15:17',NULL,NULL),(211,'Xavier','Espinoza','7458312','augue.ac@google.net','2839 Gravida Rd.',NULL,'2022-01-20 10:15:17',NULL,NULL),(212,'Moses','Small','2213495','elementum.at.egestas@hotmail.edu','325-2610 Convallis St.',NULL,'2022-01-20 10:15:17',NULL,NULL),(213,'Idona','Colon','2812438','dis.parturient@hotmail.com','Ap #768-6381 Massa. Street',NULL,'2022-01-20 10:15:17',NULL,NULL),(214,'Raya','Cooper','2158355','nam.ac.nulla@protonmail.org','Ap #112-6730 Lacus, Ave',NULL,'2022-01-20 10:15:17',NULL,NULL),(215,'ri','Duran','7247521','integer.vulputate@google.ca','Ap #653-9273 Est, Avenue',NULL,'2022-01-20 10:15:17',NULL,NULL),(216,'Azalia','Nash','5053544','iaculis.lacus@google.com','P.O. Box 177, 4103 Erat Av.',NULL,'2022-01-20 10:15:17',NULL,NULL),(217,'Gay','Hood','7713576','donec.vitae@aol.ca','114-5792 Mi Rd.',NULL,'2022-01-20 10:15:17',NULL,NULL),(218,'Murphy','Hess','5959386','felis@yahoo.net','538-6243 Enim Av.',NULL,'2022-01-20 10:15:17',NULL,NULL),(219,'Barbara','Everett','2366051','nam.ac@google.ca','952-4540 Nibh St.',NULL,'2022-01-20 10:15:17',NULL,NULL),(220,'Juliet','Deleon','3749945','neque.sed.eget@yahoo.net','P.O. Box 430, 3629 Sed Rd.',NULL,'2022-01-20 10:15:17',NULL,NULL),(221,'Calvin','Welch','5458748','sed.molestie@hotmail.edu','Ap #844-8285 In Av.',NULL,'2022-01-20 10:15:17',NULL,NULL),(222,'Rhiannon','Reid','3707555','leo.morbi@protonmail.ca','713-8705 Dui Road',NULL,'2022-01-20 10:15:17',NULL,NULL),(223,'Mallory','Carr','5636037','semper.tellus@yahoo.edu','9695 Phasellus Rd.',NULL,'2022-01-20 10:15:17',NULL,NULL),(224,'Fredericka','Haynes','4361714','et.rutrum@protonmail.couk','5914 Quam, Rd.',NULL,'2022-01-20 10:15:17',NULL,NULL),(225,'Wilma','Stevens','3522095','sodales.mauris.blandit@google.edu','Ap #333-4099 Euismod Avenue',NULL,'2022-01-20 10:15:17',NULL,NULL),(226,'Sarah','Kelley','3264511','felis.purus@icloud.ca','Ap #477-7735 Sapien. Ave',NULL,'2022-01-20 10:15:17',NULL,NULL),(227,'Quin','Young','4523541','maecenas.mi.felis@outlook.net','Ap #423-7581 Augue Avenue',NULL,'2022-01-20 10:15:17',NULL,NULL),(228,'Cyrus','Hopkins','7727414','cubilia.curae@outlook.ca','445-7832 Feugiat Av.',NULL,'2022-01-20 10:15:17',NULL,NULL),(229,'Amity','Velasquez','7106498','non.lacinia@outlook.couk','P.O. Box 386, 3334 In Av.',NULL,'2022-01-20 10:15:17',NULL,NULL),(230,'Brody','Harrington','7435733','per.conubia@outlook.net','937-6155 Eleifend St.',NULL,'2022-01-20 10:15:17',NULL,NULL),(231,'Carolyn','Guthrie','6894453','gravida@outlook.com','Ap #636-7185 Ac Av.',NULL,'2022-01-20 10:15:17',NULL,NULL),(232,'Kieran','York','1546651','sit.amet@aol.edu','713-5178 Egestas St.',NULL,'2022-01-20 10:15:17',NULL,NULL),(233,'Tad','Curtis','6880084','donec.at.arcu@google.couk','Ap #771-5372 Commodo St.',NULL,'2022-01-20 10:15:17',NULL,NULL),(234,'Zane','Solis','5385659','nunc@aol.couk','P.O. Box 618, 7881 Vel Ave',NULL,'2022-01-20 10:15:17',NULL,NULL),(235,'Kiara','Mcintosh','7862891','mollis@hotmail.couk','P.O. Box 386, 8866 Convallis Rd.',NULL,'2022-01-20 10:15:17',NULL,NULL),(236,'ctavia','Welch','6325113','ridiculus.mus@yahoo.edu','236-8463 Lorem, Ave',NULL,'2022-01-20 10:15:17',NULL,NULL),(237,'Timothy','Kramer','5867577','ac.libero@yahoo.org','Ap #767-4617 Praesent St.',NULL,'2022-01-20 10:15:17',NULL,NULL),(238,'Haley','Merritt','2486961','aliquet.magna@icloud.ca','187-403 Orci, Rd.',NULL,'2022-01-20 10:15:17',NULL,NULL),(239,'Lucas','Stevenson','3132580','in.at@protonmail.couk','Ap #301-9834 Cras Avenue',NULL,'2022-01-20 10:15:17',NULL,NULL),(240,'Lawrence','Mccullough','3011814','elementum.lorem@icloud.org','567-9323 Tortor Rd.',NULL,'2022-01-20 10:15:17',NULL,NULL),(241,'Xanthus','Cooley','4955534','velit@protonmail.net','Ap #990-1250 Quisque Street',NULL,'2022-01-20 10:15:17',NULL,NULL),(242,'Pearl','Acevedo','4445631','fringilla@outlook.edu','Ap #319-3379 Nibh. Rd.',NULL,'2022-01-20 10:15:17',NULL,NULL),(243,'Ruby','Berger','6121657','elementum.dui@outlook.couk','6616 Ut St.',NULL,'2022-01-20 10:15:17',NULL,NULL),(244,'Robert','Summers','1218765','eros@icloud.net','Ap #783-4006 Quam Rd.',NULL,'2022-01-20 10:15:17',NULL,NULL),(245,'Warren','Barry','3148758','vestibulum.ante@aol.ca','372-2218 Cubilia St.',NULL,'2022-01-20 10:15:17',NULL,NULL),(246,'Harlan','Miles','6523131','a.felis.ullamcorper@google.ca','Ap #730-3697 Mi. St.',NULL,'2022-01-20 10:15:17',NULL,NULL),(247,'Penelope','Soto','7033177','nec.euismod@hotmail.net','Ap #260-6544 Morbi Road',NULL,'2022-01-20 10:15:17',NULL,NULL),(248,'Nell','Morgan','7038184','ligula.nullam@google.couk','132-1833 Et, St.',NULL,'2022-01-20 10:15:17',NULL,NULL),(249,'Jasmine','Kline','5776782','ultrices.vivamus.rhoncus@protonmail.com','791-8147 Porttitor Avenue',NULL,'2022-01-20 10:15:17',NULL,NULL),(250,'Zachary','Glass','9853689','aliquam.ultrices.iaculis@protonmail.org','1221 Aliquet Rd.',NULL,'2022-01-20 10:15:17',NULL,NULL),(251,'Talon','Hart','8310585','senectus.et@hotmail.edu','P.O. Box 866, 7378 Aliquam Street',NULL,'2022-01-20 10:15:17',NULL,NULL),(252,'Amanda','Atkins','8692528','sit.amet@protonmail.net','7749 Curabitur Av.',NULL,'2022-01-20 10:15:17',NULL,NULL),(253,'Reagan','Cervantes','7820398','morbi.tristique@icloud.org','Ap #859-4849 Integer Rd.',NULL,'2022-01-20 10:15:17',NULL,NULL),(254,'Cassady','Chapman','8360053','ante.iaculis@outlook.couk','P.O. Box 509, 5350 Fringilla Av.',NULL,'2022-01-20 10:15:17',NULL,NULL),(255,'Ashely','sborne','8475761','aliquam.eu@google.ca','885-1536 Consectetuer St.',NULL,'2022-01-20 10:15:17',NULL,NULL),(256,'Dustin','Rose','2472385','sed.consequat@yahoo.net','2645 Sed Rd.',NULL,'2022-01-20 10:15:17',NULL,NULL),(257,'Francis','Harrell','5327112','vehicula.pellentesque@outlook.org','P.O. Box 995, 6280 Ligula St.',NULL,'2022-01-20 10:15:17',NULL,NULL),(258,'Rowan','Carpenter','4522667','eu@google.edu','Ap #358-5568 Condimentum Ave',NULL,'2022-01-20 10:15:17',NULL,NULL),(259,'Iola','Lee','8142858','pede.malesuada.vel@hotmail.net','6248 Morbi St.',NULL,'2022-01-20 10:15:17',NULL,NULL),(260,'Zahir','Evans','7118117','libero.donec@icloud.net','Ap #522-6805 Fringilla, St.',NULL,'2022-01-20 10:15:17',NULL,NULL),(261,'Jerome','Travis','5129287','eu.nibh@protonmail.com','Ap #104-1861 Sem. Road',NULL,'2022-01-20 10:15:17',NULL,NULL),(262,'Maia','Jacobs','8415544','bibendum@protonmail.net','205-2497 Nulla St.',NULL,'2022-01-20 10:15:17',NULL,NULL),(263,'Yolanda','Hayden','4868934','vivamus.nisi.mauris@icloud.org','8945 Vitae, Rd.',NULL,'2022-01-20 10:15:17',NULL,NULL),(264,'Kaitlin','Hines','6423251','ornare.lectus.ante@protonmail.com','Ap #802-9025 Porttitor Rd.',NULL,'2022-01-20 10:15:17',NULL,NULL),(265,'Karen','Boyer','1151750','magna@protonmail.edu','455-8072 Dapibus Rd.',NULL,'2022-01-20 10:15:17',NULL,NULL),(266,'Merrill','Wheeler','6466416','orci.adipiscing.non@aol.com','494-4328 Gravida Street',NULL,'2022-01-20 10:15:17',NULL,NULL),(267,'Hillary','Coffey','6876538','enim@icloud.net','932-2161 Luctus Rd.',NULL,'2022-01-20 10:15:17',NULL,NULL),(268,'Kiayada','Graves','5832856','quisque.fringilla@yahoo.com','6923 Ac Road',NULL,'2022-01-20 10:15:17',NULL,NULL),(269,'Brian','Weiss','2520387','in.dolor.fusce@aol.ca','Ap #547-712 Aliquam Ave',NULL,'2022-01-20 10:15:17',NULL,NULL),(270,'Guy','Barber','9676197','suspendisse@icloud.net','P.O. Box 137, 6876 Feugiat. Road',NULL,'2022-01-20 10:15:17',NULL,NULL),(271,'Louis','Prince','4162314','nascetur.ridiculus@outlook.net','880-3216 Luctus, Av.',NULL,'2022-01-20 10:15:17',NULL,NULL),(272,'Miranda','Foster','4811456','nulla.in@hotmail.couk','Ap #348-9894 Amet Ave',NULL,'2022-01-20 10:15:17',NULL,NULL),(273,'Chiquita','Sharpe','5267589','proin.nisl.sem@yahoo.edu','382-644 Ornare Ave',NULL,'2022-01-20 10:15:17',NULL,NULL),(274,'Cullen','Hines','4051851','vel.sapien@outlook.ca','P.O. Box 896, 3232 Eget, Avenue',NULL,'2022-01-20 10:15:17',NULL,NULL),(275,'Grant','Alford','3102974','feugiat.tellus.lorem@icloud.net','Ap #825-4234 Porttitor Street',NULL,'2022-01-20 10:15:17',NULL,NULL),(276,'Destiny','Wagner','7468533','donec.est.nunc@google.edu','Ap #960-4245 Tempus Street',NULL,'2022-01-20 10:15:17',NULL,NULL),(277,'Brock','Mccarty','8907251','orci.in@protonmail.org','Ap #551-9748 Aliquam Ave',NULL,'2022-01-20 10:15:17',NULL,NULL),(278,'Bert','Castaneda','7365886','vestibulum.ut.eros@icloud.couk','4580 Proin Rd.',NULL,'2022-01-20 10:15:17',NULL,NULL),(279,'Claire','Daugherty','3459174','vulputate.posuere@aol.net','Ap #914-8471 Dui Road',NULL,'2022-01-20 10:15:17',NULL,NULL),(280,'Mark','Connor','9116242','malesuada.id@google.ca','977-8352 Gravida Av.',NULL,'2022-01-20 10:15:17',NULL,NULL),(281,'Evelyn','Benson','2920687','ipsum.primis@yahoo.ca','5689 Nunc Ave',NULL,'2022-01-20 10:15:17',NULL,NULL),(282,'Madaline','Pitts','8689482','tempor.lorem@yahoo.couk','Ap #414-7626 Donec St.',NULL,'2022-01-20 10:15:17',NULL,NULL),(283,'Nita','Fitzgerald','1339020','pede@hotmail.ca','P.O. Box 953, 3142 Donec Rd.',NULL,'2022-01-20 10:15:17',NULL,NULL),(284,'Steel','Dillon','7682015','ullamcorper.duis@protonmail.com','647-660 Magnis Rd.',NULL,'2022-01-20 10:15:17',NULL,NULL),(285,'Garth','Becker','5273206','mauris.morbi@google.com','2695 Elit. Road',NULL,'2022-01-20 10:15:17',NULL,NULL),(286,'Craig','Smith','7111425','dui.fusce@protonmail.net','7563 Sit Road',NULL,'2022-01-20 10:15:17',NULL,NULL),(287,'Fiona','Sheppard','3559240','integer.sem@aol.org','245-2753 Auctor, Avenue',NULL,'2022-01-20 10:15:17',NULL,NULL),(288,'Thomas','Lowe','7626784','hendrerit.neque@outlook.couk','477-624 Est. St.',NULL,'2022-01-20 10:15:17',NULL,NULL),(289,'Margaret','Frye','1925361','enim.nec.tempus@google.com','P.O. Box 246, 1247 At St.',NULL,'2022-01-20 10:15:17',NULL,NULL),(290,'Tanner','Flowers','2701845','phasellus.in@yahoo.couk','Ap #407-3921 Semper Rd.',NULL,'2022-01-20 10:15:17',NULL,NULL),(291,'Alexandra','Clemons','4544871','velit@protonmail.edu','801-190 Vitae Avenue',NULL,'2022-01-20 10:15:17',NULL,NULL),(292,'Maya','Booker','7341226','ultrices@google.ca','Ap #325-3537 Facilisis. Street',NULL,'2022-01-20 10:15:17',NULL,NULL),(293,'Xenos','Rich','1125768','est.nunc@protonmail.edu','Ap #240-9805 Nam Ave',NULL,'2022-01-20 10:15:17',NULL,NULL),(294,'Driscoll','Hoffman','3316106','non.bibendum.sed@icloud.com','4094 Purus Rd.',NULL,'2022-01-20 10:15:17',NULL,NULL),(295,'Bo','Spencer','5251442','orci.in.consequat@icloud.ca','454-8188 Leo. St.',NULL,'2022-01-20 10:15:17',NULL,NULL),(296,'Charde','Frazier','7378828','etiam.vestibulum.massa@outlook.net','Ap #520-3207 Lobortis Avenue',NULL,'2022-01-20 10:15:17',NULL,NULL),(297,'Cassady','Burris','2712339','vulputate.lacus.cras@google.net','880-8682 Nulla Road',NULL,'2022-01-20 10:15:17',NULL,NULL),(298,'Astra','Clements','7993751','feugiat.lorem@outlook.com','202-8014 Eu Ave',NULL,'2022-01-20 10:15:17',NULL,NULL),(299,'Sydney','Schmidt','4132878','suspendisse.non@hotmail.com','P.O. Box 794, 6628 A Ave',NULL,'2022-01-20 10:15:17',NULL,NULL),(300,'Aquila','Mosley','5362845','quisque@yahoo.net','Ap #647-1550 A, Av.',NULL,'2022-01-20 10:15:17',NULL,NULL),(301,'Lydia','Cervantes','4404703','cubilia@yahoo.org','755-4119 Nulla. Ave',NULL,'2022-01-20 10:15:17',NULL,NULL),(302,'Tanisha','Miles','3776629','lectus.a@hotmail.org','Ap #818-1146 Porta St.',NULL,'2022-01-20 10:15:17',NULL,NULL),(303,'Basil','Carey','5445543','elit@outlook.org','9217 Odio. Road',NULL,'2022-01-20 10:15:17',NULL,NULL),(304,'Tallulah','Yates','8846192','nulla.ante@icloud.net','1022 Et Road',NULL,'2022-01-20 10:15:17',NULL,NULL),(305,'Iliana','Rowland','1682858','turpis.egestas.aliquam@yahoo.com','467 Non, St.',NULL,'2022-01-20 10:15:17',NULL,NULL),(306,'Hunter','Baxter','8387714','maecenas.mi@hotmail.org','3738 Sed, Road',NULL,'2022-01-20 10:15:17',NULL,NULL),(307,'Nash','Kane','7688983','elementum@yahoo.ca','P.O. Box 832, 3835 Enim Ave',NULL,'2022-01-20 10:15:17',NULL,NULL),(308,'Aquila','Cherry','3750546','euismod@google.com','P.O. Box 819, 8667 Egestas St.',NULL,'2022-01-20 10:15:17',NULL,NULL),(309,'Hoyt','Boyd','7713226','gravida@protonmail.edu','509-7332 Netus St.',NULL,'2022-01-20 10:15:17',NULL,NULL),(310,'Stacy','Dalton','5070834','in.tempus.eu@icloud.com','876-678 Facilisis, Ave',NULL,'2022-01-20 10:15:17',NULL,NULL),(311,'Victor','Dotson','5272382','sem.semper.erat@yahoo.com','P.O. Box 585, 3338 Venenatis Rd.',NULL,'2022-01-20 10:15:17',NULL,NULL),(312,'Ariel','Solis','2335845','ut.odio.vel@hotmail.com','286-5264 Enim Ave',NULL,'2022-01-20 10:15:17',NULL,NULL),(313,'Amethyst','Randall','5364075','egestas.a@outlook.ca','Ap #979-9475 Volutpat Avenue',NULL,'2022-01-20 10:15:17',NULL,NULL),(314,'Maryam','Sutton','4134612','non@protonmail.ca','P.O. Box 473, 4702 Massa. Road',NULL,'2022-01-20 10:15:17',NULL,NULL),(315,'Basil','Whitney','3361632','sit.amet@yahoo.couk','8207 Pede Avenue',NULL,'2022-01-20 10:15:17',NULL,NULL),(316,'Gabriel','Heath','5665364','metus@aol.couk','P.O. Box 341, 3984 Mauris Avenue',NULL,'2022-01-20 10:15:17',NULL,NULL),(317,'Janna','Simon','6657717','ultrices.mauris@google.couk','P.O. Box 782, 5082 Nulla. Street',NULL,'2022-01-20 10:15:17',NULL,NULL),(318,'Abraham','Mccoy','6097287','volutpat.nulla@yahoo.org','755-8618 Adipiscing Avenue',NULL,'2022-01-20 10:15:17',NULL,NULL),(319,'Hedley','Mcintosh','2746076','nullam.lobortis@google.couk','P.O. Box 553, 5012 Semper St.',NULL,'2022-01-20 10:15:17',NULL,NULL),(320,'Charde','Tillman','3128823','mus.proin@google.com','7560 Non Avenue',NULL,'2022-01-20 10:15:17',NULL,NULL),(321,'Ivor','Spence','5104425','tellus@protonmail.ca','635 Magna Rd.',NULL,'2022-01-20 10:15:17',NULL,NULL),(322,'Malik','Bean','8697533','sit@protonmail.edu','Ap #252-4500 Donec Avenue',NULL,'2022-01-20 10:15:17',NULL,NULL),(323,'Lester','Gallegos','1868267','luctus.curabitur@protonmail.couk','P.O. Box 788, 7271 Iaculis, Rd.',NULL,'2022-01-20 10:15:17',NULL,NULL),(324,'Cara','Vinson','4577232','nec.leo.morbi@icloud.net','Ap #472-1086 Nec, Ave',NULL,'2022-01-20 10:15:17',NULL,NULL),(325,'Wylie','Gilbert','6781150','consectetuer@icloud.net','P.O. Box 360, 7346 Aliquet Ave',NULL,'2022-01-20 10:15:17',NULL,NULL),(326,'Britanney','Donaldson','9504601','purus.maecenas@hotmail.org','8425 Non, Avenue',NULL,'2022-01-20 10:15:17',NULL,NULL),(327,'Murphy','Singleton','7888179','est@icloud.ca','445-4228 Nullam St.',NULL,'2022-01-20 10:15:17',NULL,NULL),(328,'rson','Herman','2355244','auctor.non.feugiat@icloud.ca','437-9282 Erat Ave',NULL,'2022-01-20 10:15:17',NULL,NULL),(329,'Porter','Herman','4926462','et.magnis.dis@yahoo.ca','Ap #342-3695 Tristique St.',NULL,'2022-01-20 10:15:17',NULL,NULL),(330,'Berk','Valdez','8383523','libero.integer@icloud.org','264-5192 At Av.',NULL,'2022-01-20 10:15:17',NULL,NULL),(331,'Joel','Wall','4080116','dui.augue@hotmail.couk','5239 Enim. Rd.',NULL,'2022-01-20 10:15:17',NULL,NULL),(332,'Tanner','Hammond','4698614','arcu@hotmail.com','P.O. Box 254, 6394 Eget St.',NULL,'2022-01-20 10:15:17',NULL,NULL),(333,'Emery','Delacruz','7154526','vel.venenatis@aol.com','P.O. Box 188, 2076 Sed Rd.',NULL,'2022-01-20 10:15:17',NULL,NULL),(334,'Wynne','Church','1385857','metus@aol.net','302-3924 Taciti Rd.',NULL,'2022-01-20 10:15:17',NULL,NULL),(335,'Anastasia','Good','7538278','cursus.in.hendrerit@yahoo.couk','9425 Etiam Rd.',NULL,'2022-01-20 10:15:17',NULL,NULL),(336,'Joshua','Wilkins','4204473','nec.mollis@outlook.com','Ap #746-2837 Sagittis Street',NULL,'2022-01-20 10:15:17',NULL,NULL),(337,'Zorita','Love','7337826','fermentum.convallis@icloud.edu','Ap #876-2721 Aliquam Road',NULL,'2022-01-20 10:15:17',NULL,NULL),(338,'Eliana','Finch','9716794','eget.dictum.placerat@aol.edu','5454 Ultricies St.',NULL,'2022-01-20 10:15:17',NULL,NULL),(339,'Doris','Tyler','5232479','ornare.tortor@aol.com','Ap #136-5076 Quis St.',NULL,'2022-01-20 10:15:17',NULL,NULL),(340,'Maite','Huff','5328184','sit.amet@aol.couk','942-9172 Pede. Rd.',NULL,'2022-01-20 10:15:17',NULL,NULL),(341,'Nicole','Barber','5447860','mauris.blandit@outlook.org','813-8118 Ante Street',NULL,'2022-01-20 10:15:17',NULL,NULL),(342,'Nash','Franklin','8143266','rhoncus.proin.nisl@aol.org','5691 Tincidunt Road',NULL,'2022-01-20 10:15:17',NULL,NULL),(343,'Justin','Castaneda','6783719','turpis@outlook.edu','6457 Vel, Rd.',NULL,'2022-01-20 10:15:17',NULL,NULL),(344,'Brenden','Kane','4313248','quisque.ac@icloud.ca','P.O. Box 224, 2319 Nisl. Rd.',NULL,'2022-01-20 10:15:17',NULL,NULL),(345,'Conan','Butler','4681788','volutpat@google.net','Ap #574-4833 Ac Av.',NULL,'2022-01-20 10:15:17',NULL,NULL),(346,'Ciara','Bates','2859354','neque.nullam@yahoo.ca','P.O. Box 335, 8357 Enim Ave',NULL,'2022-01-20 10:15:17',NULL,NULL),(347,'Tamara','Barker','3377510','mauris@outlook.com','Ap #159-7156 Eu Road',NULL,'2022-01-20 10:15:17',NULL,NULL),(348,'Dustin','Bean','8062221','eu@aol.com','Ap #802-5573 Vestibulum Rd.',NULL,'2022-01-20 10:15:17',NULL,NULL),(349,'Amber','Salas','8354223','nam@icloud.com','Ap #348-8794 Morbi Road',NULL,'2022-01-20 10:15:17',NULL,NULL),(350,'Sydnee','Cameron','5868174','aliquam.nisl@outlook.org','436-6908 Mattis. Street',NULL,'2022-01-20 10:15:17',NULL,NULL),(351,'Prescott','Leonard','4072866','sapien.nunc@yahoo.org','Ap #196-8804 Ante Road',NULL,'2022-01-20 10:15:17',NULL,NULL),(352,'Vielka','Gill','8382160','eu.erat@protonmail.couk','478-6909 Nunc Ave',NULL,'2022-01-20 10:15:17',NULL,NULL),(353,'Marshall','Koch','6818825','laoreet@icloud.ca','Ap #908-8115 Erat. Avenue',NULL,'2022-01-20 10:15:17',NULL,NULL),(354,'Kimberley','Harding','4720870','non.massa@outlook.com','840-7015 Lacus. Rd.',NULL,'2022-01-20 10:15:17',NULL,NULL),(355,'Alan','Bruce','3355864','vulputate.posuere.vulputate@google.ca','Ap #939-8733 Neque Avenue',NULL,'2022-01-20 10:15:17',NULL,NULL),(356,'McKenzie','Shannon','7817739','dui.augue.eu@outlook.couk','117-418 Praesent St.',NULL,'2022-01-20 10:15:17',NULL,NULL),(357,'Brielle','Vaughan','8735006','vestibulum.accumsan.neque@hotmail.net','704-7532 Sit Street',NULL,'2022-01-20 10:15:17',NULL,NULL),(358,'Hedda','Stein','8907321','non.sapien@outlook.net','4411 Neque. Rd.',NULL,'2022-01-20 10:15:17',NULL,NULL),(359,'Moses','Hopkins','6576143','diam@icloud.couk','668-7024 Eu Road',NULL,'2022-01-20 10:15:17',NULL,NULL),(360,'Kevyn','Black','5897124','quisque.imperdiet@yahoo.net','Ap #856-4836 Pharetra. Street',NULL,'2022-01-20 10:15:17',NULL,NULL),(361,'Celeste','Stewart','8514624','iaculis@protonmail.com','Ap #907-9167 Mus. St.',NULL,'2022-01-20 10:15:17',NULL,NULL),(362,'Cruz','Huff','5624414','dictum.phasellus.in@google.com','226-9439 Sodales Road',NULL,'2022-01-20 10:15:17',NULL,NULL),(363,'Darius','Perkins','3622296','sed.nunc@yahoo.org','345-9714 Rutrum Rd.',NULL,'2022-01-20 10:15:17',NULL,NULL),(364,'Kimberly','Reese','5167939','lorem.ipsum.sodales@outlook.ca','990-2145 Risus Av.',NULL,'2022-01-20 10:15:17',NULL,NULL),(365,'Martena','Mathis','2136248','id.enim@google.com','P.O. Box 293, 1493 Netus Ave',NULL,'2022-01-20 10:15:17',NULL,NULL),(366,'Timothy','Burke','6337869','pretium.neque.morbi@yahoo.org','P.O. Box 160, 9157 Donec Avenue',NULL,'2022-01-20 10:15:17',NULL,NULL),(367,'Isaiah','Schmidt','4896867','est.ac@hotmail.com','998-1012 Dapibus St.',NULL,'2022-01-20 10:15:17',NULL,NULL),(368,'Clinton','Chase','4431076','libero.at@google.ca','Ap #325-8390 Aliquet Road',NULL,'2022-01-20 10:15:17',NULL,NULL),(369,'Kerry','Pugh','8879423','mattis.ornare.lectus@icloud.edu','Ap #700-5570 Semper St.',NULL,'2022-01-20 10:15:17',NULL,NULL),(370,'Alyssa','Mckinney','4530928','sit.amet@hotmail.ca','473-2988 Augue Rd.',NULL,'2022-01-20 10:15:17',NULL,NULL),(371,'Talon','Hamilton','7583264','eu.odio@google.org','Ap #704-781 Convallis Ave',NULL,'2022-01-20 10:15:17',NULL,NULL),(372,'Kylie','Lyons','3737266','ullamcorper.duis@google.com','Ap #791-5008 Cum St.',NULL,'2022-01-20 10:15:17',NULL,NULL),(373,'Jack','Diaz','2833934','enim.mauris@outlook.org','524-4396 Ac Road',NULL,'2022-01-20 10:15:17',NULL,NULL),(374,'Emerald','Reese','5164712','malesuada.vel@outlook.couk','Ap #189-9811 Cursus, St.',NULL,'2022-01-20 10:15:17',NULL,NULL),(375,'Bruno','rtega','7316124','phasellus.dolor@yahoo.edu','3646 Etiam St.',NULL,'2022-01-20 10:15:17',NULL,NULL),(376,'Xenos','Price','3359683','fermentum.risus.at@yahoo.edu','1522 Diam. Av.',NULL,'2022-01-20 10:15:17',NULL,NULL),(377,'Gisela','Larsen','3983463','donec.est@outlook.net','Ap #353-3178 Etiam Av.',NULL,'2022-01-20 10:15:17',NULL,NULL),(378,'Hu','Mann','8664537','nec.luctus.felis@aol.net','5712 Lacus Avenue',NULL,'2022-01-20 10:15:17',NULL,NULL),(379,'Guy','Hudson','2618464','phasellus.vitae@icloud.net','P.O. Box 204, 3683 Vivamus Rd.',NULL,'2022-01-20 10:15:17',NULL,NULL),(380,'Palmer','donnell','3645095','magna@yahoo.com','1332 Mauris St.',NULL,'2022-01-20 10:15:17',NULL,NULL),(381,'Cailin','Singleton','2341291','nunc.nulla.vulputate@hotmail.ca','994-2968 Velit. Av.',NULL,'2022-01-20 10:15:17',NULL,NULL),(382,'Giacomo','House','7898246','amet.faucibus.ut@yahoo.com','856-1271 Vel Rd.',NULL,'2022-01-20 10:15:17',NULL,NULL),(383,'Meghan','Parsons','1925726','gravida@hotmail.com','Ap #434-6954 Lobortis. St.',NULL,'2022-01-20 10:15:17',NULL,NULL),(384,'Bevis','Griffith','8569067','gravida.molestie@hotmail.couk','737-1567 Enim. Av.',NULL,'2022-01-20 10:15:17',NULL,NULL),(385,'Tatum','May','7368469','a.odio@protonmail.net','842-9106 Risus. Av.',NULL,'2022-01-20 10:15:17',NULL,NULL),(386,'Basia','Casey','8571132','elit.a@protonmail.ca','Ap #963-6386 Libero. Av.',NULL,'2022-01-20 10:15:17',NULL,NULL),(387,'Kessie','Clark','4846537','sagittis@aol.com','7142 Iaculis Rd.',NULL,'2022-01-20 10:15:17',NULL,NULL),(388,'Slade','Pickett','6648279','et@hotmail.org','554-666 Pellentesque Street',NULL,'2022-01-20 10:15:17',NULL,NULL),(389,'Yetta','Koch','3578905','ipsum.porta@aol.edu','P.O. Box 896, 3283 Ornare Ave',NULL,'2022-01-20 10:15:17',NULL,NULL),(390,'Michael','Duncan','7283156','mauris.sagittis.placerat@protonmail.couk','996-6193 Luctus Street',NULL,'2022-01-20 10:15:17',NULL,NULL),(391,'Kylee','Gill','4941384','gravida.mauris@aol.couk','Ap #389-7007 Mauris St.',NULL,'2022-01-20 10:15:17',NULL,NULL),(392,'Ezra','Drake','2967324','donec.luctus.aliquet@hotmail.ca','Ap #378-2359 Montes, Avenue',NULL,'2022-01-20 10:15:17',NULL,NULL),(393,'scar','Davenport','7024726','sed.eget.lacus@hotmail.net','P.O. Box 272, 175 Parturient Rd.',NULL,'2022-01-20 10:15:17',NULL,NULL),(394,'Linda','Jacobs','1381333','pellentesque.massa@aol.edu','Ap #794-1842 Ornare Road',NULL,'2022-01-20 10:15:17',NULL,NULL),(395,'Kareem','Kline','5813254','sagittis@google.edu','P.O. Box 281, 2069 A, Rd.',NULL,'2022-01-20 10:15:17',NULL,NULL),(396,'Buffy','Colon','3026150','sapien.cras.dolor@protonmail.net','6760 Egestas. Av.',NULL,'2022-01-20 10:15:17',NULL,NULL),(397,'Francesca','Lynn','3479172','in@protonmail.net','Ap #244-6069 Est. Avenue',NULL,'2022-01-20 10:15:17',NULL,NULL),(398,'Dolan','Glenn','6886887','a.scelerisque@google.couk','6098 Dolor Street',NULL,'2022-01-20 10:15:17',NULL,NULL),(399,'Carter','Gay','2501515','quisque.ac@icloud.org','P.O. Box 622, 3653 Luctus Street',NULL,'2022-01-20 10:15:17',NULL,NULL),(400,'Kermit','Rodriguez','7705602','ante.bibendum@icloud.org','Ap #828-6472 In Street',NULL,'2022-01-20 10:15:17',NULL,NULL),(401,'Lana','Tyler','6458577','nunc.lectus@hotmail.org','544-4533 Augue, St.',NULL,'2022-01-20 10:15:17',NULL,NULL),(402,'Shana','Shannon','4933373','aliquam@aol.ca','P.O. Box 996, 2809 Tincidunt Rd.',NULL,'2022-01-20 10:15:17',NULL,NULL),(403,'Shay','Boone','8646692','nisi.sem@icloud.edu','P.O. Box 691, 6355 Placerat. Avenue',NULL,'2022-01-20 10:15:17',NULL,NULL),(404,'Jonas','Parrish','3458559','posuere.enim@hotmail.net','115-6323 Eros Road',NULL,'2022-01-20 10:15:17',NULL,NULL),(405,'Pamela','Head','8082814','mi.ac@google.net','Ap #340-8323 Lobortis Road',NULL,'2022-01-20 10:15:17',NULL,NULL),(406,'Joelle','Avery','4756473','malesuada.augue@outlook.ca','164-2088 Et Rd.',NULL,'2022-01-20 10:15:17',NULL,NULL),(407,'Grace','Travis','4720419','felis@hotmail.org','Ap #419-1492 Vel Avenue',NULL,'2022-01-20 10:15:17',NULL,NULL),(408,'Ishmael','Cameron','9676499','lorem.luctus.ut@icloud.couk','743-2825 Nisl Rd.',NULL,'2022-01-20 10:15:17',NULL,NULL),(409,'Wylie','Nieves','8787998','phasellus@aol.couk','Ap #626-3336 Mi Avenue',NULL,'2022-01-20 10:15:17',NULL,NULL),(410,'Miriam','Wynn','3826021','nec@aol.edu','1987 Sem Road',NULL,'2022-01-20 10:15:17',NULL,NULL),(411,'Violet','Lambert','3747245','consequat.lectus@yahoo.couk','832-1521 Vitae Avenue',NULL,'2022-01-20 10:15:17',NULL,NULL),(412,'Noah','Stein','9543539','enim@google.org','Ap #962-7039 Sodales St.',NULL,'2022-01-20 10:15:17',NULL,NULL),(413,'Joy','Newton','7533344','viverra.donec@outlook.couk','Ap #145-4994 Ridiculus Ave',NULL,'2022-01-20 10:15:17',NULL,NULL),(414,'Raphael','Sosa','3116690','at@protonmail.couk','Ap #356-4353 Elementum, Rd.',NULL,'2022-01-20 10:15:17',NULL,NULL),(415,'Simone','Mercado','4138845','dolor.sit.amet@hotmail.com','P.O. Box 482, 7900 Sed Av.',NULL,'2022-01-20 10:15:17',NULL,NULL),(416,'Zorita','Schultz','1190145','vel.pede@google.org','4709 Gravida. Rd.',NULL,'2022-01-20 10:15:17',NULL,NULL),(417,'Leandra','Aguilar','9066117','turpis@aol.ca','8728 Interdum Av.',NULL,'2022-01-20 10:15:17',NULL,NULL),(418,'Shellie','Moss','3121736','bibendum@aol.ca','P.O. Box 507, 413 Suspendisse Ave',NULL,'2022-01-20 10:15:17',NULL,NULL),(419,'Timothy','Kelley','1545712','venenatis@icloud.org','P.O. Box 956, 2569 Enim Av.',NULL,'2022-01-20 10:15:17',NULL,NULL),(420,'Merrill','Pate','7113521','eu.elit@icloud.ca','P.O. Box 829, 2945 Felis Road',NULL,'2022-01-20 10:15:17',NULL,NULL),(421,'Ivory','Dodson','4622366','tellus.sem.mollis@aol.org','9152 Et, Avenue',NULL,'2022-01-20 10:15:17',NULL,NULL),(422,'Forrest','Horn','8805616','aenean.euismod.mauris@hotmail.ca','776 Ultricies Ave',NULL,'2022-01-20 10:15:17',NULL,NULL),(423,'Martin','Dudley','5166314','nisi.cum@aol.net','Ap #161-8561 Amet, St.',NULL,'2022-01-20 10:15:17',NULL,NULL),(424,'Jenna','Hawkins','7881726','ipsum@google.edu','396-2508 In St.',NULL,'2022-01-20 10:15:17',NULL,NULL),(425,'Blaze','Horne','8693319','sapien.aenean@google.couk','Ap #275-1493 Ligula St.',NULL,'2022-01-20 10:15:17',NULL,NULL),(426,'Hayes','Lee','6310227','cursus@icloud.com','P.O. Box 301, 4884 Dolor, Rd.',NULL,'2022-01-20 10:15:17',NULL,NULL),(427,'Jescie','Robbins','4157758','egestas@yahoo.com','Ap #764-6040 Egestas Avenue',NULL,'2022-01-20 10:15:17',NULL,NULL),(428,'Barclay','Fischer','4501722','velit.quisque@protonmail.org','620-8908 Lectus. Rd.',NULL,'2022-01-20 10:15:17',NULL,NULL),(429,'Gray','Frazier','6232816','nunc.ac.mattis@icloud.com','Ap #736-7843 Fringilla Avenue',NULL,'2022-01-20 10:15:17',NULL,NULL),(430,'Coby','Spence','3376118','torquent@google.org','Ap #759-2717 Sed St.',NULL,'2022-01-20 10:15:17',NULL,NULL),(431,'Haviva','Puckett','1375370','ultricies.sem@hotmail.org','P.O. Box 199, 8053 Ut St.',NULL,'2022-01-20 10:15:17',NULL,NULL),(432,'Whoopi','Wilder','5084801','arcu.aliquam.ultrices@aol.net','888-7535 Vivamus Av.',NULL,'2022-01-20 10:15:17',NULL,NULL),(433,'Veda','Moses','2476658','tincidunt@hotmail.ca','264-7758 Sit St.',NULL,'2022-01-20 10:15:17',NULL,NULL),(434,'Kane','Mcfarland','3841464','eleifend.non@icloud.net','Ap #258-1325 Gravida. Av.',NULL,'2022-01-20 10:15:17',NULL,NULL),(435,'Alana','Waters','8164851','non.ante@aol.couk','P.O. Box 467, 5083 Quisque Ave',NULL,'2022-01-20 10:15:17',NULL,NULL),(436,'Dillon','Lindsey','8865732','eget@outlook.net','593-1741 Enim. St.',NULL,'2022-01-20 10:15:17',NULL,NULL),(437,'Breanna','Townsend','2417244','vehicula.et@protonmail.edu','Ap #607-5649 Consectetuer St.',NULL,'2022-01-20 10:15:17',NULL,NULL),(438,'Christian','Peters','4045663','non.justo.proin@protonmail.ca','954-7457 Lorem Ave',NULL,'2022-01-20 10:15:17',NULL,NULL),(439,'Eagan','Bullock','4054218','a.scelerisque.sed@google.net','199-3470 Nonummy Rd.',NULL,'2022-01-20 10:15:17',NULL,NULL),(440,'Joel','Hood','3751384','cursus@protonmail.com','Ap #136-5796 Lacinia Av.',NULL,'2022-01-20 10:15:17',NULL,NULL),(441,'Emerald','Richmond','4336744','posuere.vulputate@hotmail.net','9886 Nulla St.',NULL,'2022-01-20 10:15:17',NULL,NULL),(442,'Quail','Baxter','2363635','fermentum.metus@yahoo.com','8643 A, St.',NULL,'2022-01-20 10:15:17',NULL,NULL),(443,'Paul','Knowles','7585613','phasellus.at@yahoo.com','Ap #872-2079 Pede. Rd.',NULL,'2022-01-20 10:15:17',NULL,NULL),(444,'Regina','Reyes','4833229','risus@outlook.org','Ap #708-4364 In, St.',NULL,'2022-01-20 10:15:17',NULL,NULL),(445,'Micah','Holmes','7825184','quis.arcu@outlook.couk','Ap #487-9104 Nulla. Rd.',NULL,'2022-01-20 10:15:17',NULL,NULL),(446,'Igor','Lynn','9723113','egestas.hendrerit@outlook.org','253-9525 Eget St.',NULL,'2022-01-20 10:15:17',NULL,NULL),(447,'Solomon','Collier','5378443','dolor.donec@protonmail.com','P.O. Box 208, 468 Auctor. St.',NULL,'2022-01-20 10:15:17',NULL,NULL),(448,'Jakeem','George','8378114','semper.erat@google.com','795-8199 Aliquam St.',NULL,'2022-01-20 10:15:17',NULL,NULL),(449,'Sade','Duke','2298057','praesent@protonmail.org','Ap #529-3242 Amet Av.',NULL,'2022-01-20 10:15:17',NULL,NULL),(450,'Devin','Wyatt','4385021','ac.urna@outlook.com','P.O. Box 382, 2262 Mauris St.',NULL,'2022-01-20 10:15:17',NULL,NULL),(451,'Ronan','Carlson','4748361','vivamus.nibh@yahoo.edu','261 Vulputate, Av.',NULL,'2022-01-20 10:15:17',NULL,NULL),(452,'Alec','Tucker','3646781','nec@google.org','6336 Libero Rd.',NULL,'2022-01-20 10:15:17',NULL,NULL),(453,'Raymond','rr','8043682','purus@yahoo.net','6662 Lobortis Rd.',NULL,'2022-01-20 10:15:17',NULL,NULL),(454,'Dana','Valencia','1272553','nibh.donec.est@google.net','2067 In St.',NULL,'2022-01-20 10:15:17',NULL,NULL),(455,'Ciaran','Murray','8566857','maecenas.mi@icloud.ca','Ap #263-4272 Tristique Rd.',NULL,'2022-01-20 10:15:17',NULL,NULL),(456,'Perry','Bright','7426738','nam.interdum@yahoo.com','P.O. Box 842, 2677 Velit St.',NULL,'2022-01-20 10:15:17',NULL,NULL),(457,'Axel','Cochran','4763343','eu.sem@google.com','925-7414 Risus Street',NULL,'2022-01-20 10:15:17',NULL,NULL),(458,'Virginia','Glass','8674361','felis@google.edu','Ap #141-5069 Duis St.',NULL,'2022-01-20 10:15:17',NULL,NULL),(459,'Colby','Barnett','6731946','donec.feugiat@aol.ca','417-755 Donec St.',NULL,'2022-01-20 10:15:17',NULL,NULL),(460,'Whitney','Roy','5330572','egestas@protonmail.edu','P.O. Box 458, 5464 Gravida Rd.',NULL,'2022-01-20 10:15:17',NULL,NULL),(461,'Fatima','Anderson','2667028','ac.turpis@hotmail.net','390-961 Enim Rd.',NULL,'2022-01-20 10:15:17',NULL,NULL),(462,'Michelle','Pugh','2176423','amet.risus.donec@protonmail.com','1370 Felis. Street',NULL,'2022-01-20 10:15:17',NULL,NULL),(463,'Fulton','rr','3325979','duis.ac.arcu@google.ca','7143 Ipsum Street',NULL,'2022-01-20 10:15:17',NULL,NULL),(464,'Warren','Estrada','9716436','non.sapien@aol.net','7883 Aliquam, Rd.',NULL,'2022-01-20 10:15:17',NULL,NULL),(465,'Barry','Kline','3071111','a.magna@hotmail.couk','Ap #370-7409 Imperdiet Avenue',NULL,'2022-01-20 10:15:17',NULL,NULL),(466,'Fritz','Rivers','3566742','accumsan.laoreet.ipsum@aol.net','9163 Scelerisque Ave',NULL,'2022-01-20 10:15:17',NULL,NULL),(467,'Courtney','Leon','7328778','sociis.natoque.penatibus@hotmail.edu','765-5722 Sem, Av.',NULL,'2022-01-20 10:15:17',NULL,NULL),(468,'Graiden','Pratt','2755441','sociis@google.edu','P.O. Box 724, 5952 Luctus Rd.',NULL,'2022-01-20 10:15:17',NULL,NULL),(469,'Bert','Grant','3575503','pretium.aliquet@icloud.couk','P.O. Box 920, 9327 Consequat Rd.',NULL,'2022-01-20 10:15:17',NULL,NULL),(470,'Roth','Mathews','5125362','velit.pellentesque@outlook.net','P.O. Box 978, 1142 Proin Rd.',NULL,'2022-01-20 10:15:17',NULL,NULL),(471,'Jael','Hodges','8321122','suscipit.est@aol.ca','Ap #601-4090 Malesuada Road',NULL,'2022-01-20 10:15:17',NULL,NULL),(472,'Hiram','Delacruz','2385888','proin.nisl@aol.net','Ap #267-6532 Dolor St.',NULL,'2022-01-20 10:15:17',NULL,NULL),(473,'Simon','Quinn','6074605','bibendum.fermentum@google.net','5561 Nunc Rd.',NULL,'2022-01-20 10:15:17',NULL,NULL),(474,'scar','Hansen','8522671','mus.aenean@protonmail.couk','P.O. Box 729, 8899 Nulla St.',NULL,'2022-01-20 10:15:17',NULL,NULL),(475,'Hanae','Howell','6235646','donec.tincidunt@icloud.ca','Ap #215-6507 Duis Road',NULL,'2022-01-20 10:15:17',NULL,NULL),(476,'Donovan','Noble','3503666','metus.eu.erat@outlook.edu','7730 Aliquam, Rd.',NULL,'2022-01-20 10:15:17',NULL,NULL),(477,'Nelle','Moran','9226535','lacinia@outlook.com','463-2655 Magna. Avenue',NULL,'2022-01-20 10:15:17',NULL,NULL),(478,'Tanek','Frazier','3168751','lacinia.orci.consectetuer@hotmail.org','994-6610 Sed Rd.',NULL,'2022-01-20 10:15:17',NULL,NULL),(479,'Hyatt','neal','7385444','lacus.ut.nec@hotmail.net','2906 Est Av.',NULL,'2022-01-20 10:15:17',NULL,NULL),(480,'Lacy','Estrada','2703261','ac.nulla@icloud.com','Ap #149-7988 Iaculis Rd.',NULL,'2022-01-20 10:15:17',NULL,NULL),(481,'Akeem','Shannon','9211851','pellentesque.tincidunt@protonmail.couk','Ap #745-7960 Urna St.',NULL,'2022-01-20 10:15:17',NULL,NULL),(482,'Amber','Green','7832719','ac@hotmail.couk','520-8958 Nec, Av.',NULL,'2022-01-20 10:15:17',NULL,NULL),(483,'Marny','Hoffman','5223853','amet.ultricies.sem@icloud.couk','P.O. Box 303, 9561 In Rd.',NULL,'2022-01-20 10:15:17',NULL,NULL),(484,'Emmanuel','Ramirez','6385412','duis@outlook.couk','573 Dui St.',NULL,'2022-01-20 10:15:17',NULL,NULL),(485,'Igor','Jackson','8221356','turpis.in@protonmail.net','Ap #718-1815 Risus. Rd.',NULL,'2022-01-20 10:15:17',NULL,NULL),(486,'George','Good','1489173','proin.nisl.sem@aol.ca','2698 Elit. St.',NULL,'2022-01-20 10:15:17',NULL,NULL),(487,'Azalia','Glover','5717222','at.risus@google.net','P.O. Box 455, 6530 Morbi Rd.',NULL,'2022-01-20 10:15:17',NULL,NULL),(488,'Maxine','Kelley','3146396','aliquet.magna.a@aol.org','201-3721 Bibendum Ave',NULL,'2022-01-20 10:15:17',NULL,NULL),(489,'Natalie','Rios','7485358','urna@yahoo.com','6016 Libero Ave',NULL,'2022-01-20 10:15:17',NULL,NULL),(490,'Quynn','Martin','6336116','ut.dolor@aol.org','140-2835 Et, Ave',NULL,'2022-01-20 10:15:17',NULL,NULL),(491,'Willow','Summers','3218120','ornare@outlook.com','877-2827 Vivamus Road',NULL,'2022-01-20 10:15:17',NULL,NULL),(492,'Kareem','Vega','6885747','pulvinar.arcu@outlook.couk','Ap #349-9010 Tincidunt Avenue',NULL,'2022-01-20 10:15:17',NULL,NULL),(493,'Anne','Long','3626122','pede@icloud.org','563-6062 Et Road',NULL,'2022-01-20 10:15:17',NULL,NULL),(494,'Aidan','Walls','5683082','enim.consequat@yahoo.ca','Ap #737-6397 Dictum Rd.',NULL,'2022-01-20 10:15:17',NULL,NULL),(495,'Echo','Callahan','5271716','nulla.vulputate@google.org','P.O. Box 379, 7642 Sit Ave',NULL,'2022-01-20 10:15:17',NULL,NULL),(496,'Ginger','Gilliam','6041426','integer.sem@protonmail.ca','Ap #624-1972 Tellus. Rd.',NULL,'2022-01-20 10:15:17',NULL,NULL),(497,'Mona','Rose','7500041','nec@icloud.net','6257 Risus Rd.',NULL,'2022-01-20 10:15:17',NULL,NULL),(498,'Patience','Allen','5724130','dis.parturient.montes@hotmail.com','Ap #419-2070 Est, St.',NULL,'2022-01-20 10:15:17',NULL,NULL),(499,'Gail','Villarreal','8071946','velit@protonmail.couk','653-4618 Fusce St.',NULL,'2022-01-20 10:15:17',NULL,NULL),(501,'David','Henry','3333333','dasd@dsdsdsd.com','Suriname',5,'2022-01-22 10:59:59',NULL,NULL),(504,'Anna','Smith','1234567','SAM@YAHOO.COM','Asdadadsasdasd',NULL,NULL,NULL,'admin'),(506,'David','Henry','12345565','d@yahoo.com','12312312313123',5,NULL,NULL,NULL);
/*!40000 ALTER TABLE `customers` ENABLE KEYS */;
UNLOCK TABLES;
/*!50003 SET @saved_cs_client      = @@character_set_client */ ;
/*!50003 SET @saved_cs_results     = @@character_set_results */ ;
/*!50003 SET @saved_col_connection = @@collation_connection */ ;
/*!50003 SET character_set_client  = utf8mb4 */ ;
/*!50003 SET character_set_results = utf8mb4 */ ;
/*!50003 SET collation_connection  = utf8mb4_0900_ai_ci */ ;
/*!50003 SET @saved_sql_mode       = @@sql_mode */ ;
/*!50003 SET sql_mode              = 'STRICT_TRANS_TABLES,NO_ENGINE_SUBSTITUTION' */ ;
DELIMITER ;;
/*!50003 CREATE*/ /*!50017 DEFINER=`root`@`localhost`*/ /*!50003 TRIGGER `CUSTOMER_INSERT` BEFORE INSERT ON `customers` FOR EACH ROW SET NEW.CREATED_ON = now() */;;
DELIMITER ;
/*!50003 SET sql_mode              = @saved_sql_mode */ ;
/*!50003 SET character_set_client  = @saved_cs_client */ ;
/*!50003 SET character_set_results = @saved_cs_results */ ;
/*!50003 SET collation_connection  = @saved_col_connection */ ;

--
-- Temporary view structure for view `employee_details`
--

DROP TABLE IF EXISTS `employee_details`;
/*!50001 DROP VIEW IF EXISTS `employee_details`*/;
SET @saved_cs_client     = @@character_set_client;
/*!50503 SET character_set_client = utf8mb4 */;
/*!50001 CREATE VIEW `employee_details` AS SELECT 
 1 AS `employee_id`,
 1 AS `employee_first_name`,
 1 AS `employee_last_name`,
 1 AS `employee_telephone`,
 1 AS `employee_email`,
 1 AS `employee_address`,
 1 AS `employee_NIS`,
 1 AS `employee_designation`,
 1 AS `employee_hired_date`,
 1 AS `modified_by`*/;
SET character_set_client = @saved_cs_client;

--
-- Table structure for table `employees`
--

DROP TABLE IF EXISTS `employees`;
/*!40101 SET @saved_cs_client     = @@character_set_client */;
/*!50503 SET character_set_client = utf8mb4 */;
CREATE TABLE `employees` (
  `employee_id` int NOT NULL AUTO_INCREMENT,
  `employee_first_name` varchar(45) NOT NULL,
  `employee_last_name` varchar(45) NOT NULL,
  `employee_telephone` varchar(45) NOT NULL,
  `employee_email` varchar(45) DEFAULT NULL,
  `employee_address` varchar(45) DEFAULT NULL,
  `employee_designation` varchar(45) DEFAULT NULL,
  `employee_nis` varchar(45) DEFAULT NULL,
  `employee_hired_date` date DEFAULT NULL,
  `modified_on` datetime DEFAULT NULL,
  `modified_by` varchar(45) DEFAULT NULL,
  PRIMARY KEY (`employee_id`)
) ENGINE=InnoDB AUTO_INCREMENT=506 DEFAULT CHARSET=utf8mb4 COLLATE=utf8mb4_0900_ai_ci;
/*!40101 SET character_set_client = @saved_cs_client */;

--
-- Dumping data for table `employees`
--

LOCK TABLES `employees` WRITE;
/*!40000 ALTER TABLE `employees` DISABLE KEYS */;
INSERT INTO `employees` VALUES (2,'Kylynn','Mckay','3588388','molestie.tortor.nibh@hotmail.edu','428-2097 Est St.','STAFF','123452','2022-01-20',NULL,NULL),(5,'Ray','Waters','4447366','nulla.aliquet@protonmail.net','487-2713 In Rd.','STAFF','193070','2022-01-20',NULL,NULL),(6,'Kieran','Cooper','3578743','consectetuer.euismod.est@icloud.couk','P.O. Box 778, 3405 Duis St.','STAFF','170113','2022-01-20',NULL,NULL),(7,'Avram','Rutledge','4425224','facilisis.vitae@protonmail.ca','Ap #997-9408 Proin Road','STAFF','170115','2022-01-20',NULL,NULL),(8,'Camille','Potter','6892489','blandit.viverra@protonmail.com','815-5807 Nullam St.','STAFF','134892','2022-01-20',NULL,NULL),(9,'Violet','Marks','7715556','magna.praesent@outlook.couk','Ap #226-3303 Est. Av.','STAFF','102819','2022-01-20',NULL,NULL),(10,'Hermione','Compton','4470762','neque@hotmail.couk','Ap #313-1279 Dolor Ave','STAFF','127396','2022-01-20',NULL,NULL),(13,'Basil','Barrera','6116554','ullamcorper.nisl@hotmail.com','Ap #230-6023 Donec Av.','STAFF','165932','2022-01-20',NULL,NULL),(14,'Quintessa','Mosley','8183699','lobortis@outlook.com','Ap #819-4371 Quisque Ave','STAFF','177587','2022-01-20',NULL,NULL),(15,'Hilda','Baldwin','5065391','magna.tellus@icloud.edu','P.O. Box 531, 4656 Lectus Rd.','STAFF','149436','2022-01-20',NULL,NULL),(16,'Remedios','Bates','5549634','dui.quis@protonmail.net','Ap #294-6556 Id Rd.','STAFF','126812','2022-01-20',NULL,NULL),(17,'Leslie','Merritt','5127462','est.nunc@outlook.couk','6704 Vivamus Road','STAFF','166604','2022-01-20',NULL,NULL),(18,'Wesley','Heath','8611272','morbi.tristique@google.couk','Ap #198-8634 Nulla Rd.','STAFF','117150','2022-01-20',NULL,NULL),(19,'Eaton','Douglas','3112528','eu@aol.org','7689 At, Rd.','STAFF','176541','2022-01-20',NULL,NULL),(20,'Thaddeus','Harper','6140630','penatibus@google.edu','128-7739 Viverra. Avenue','STAFF','127889','2022-01-20',NULL,NULL),(21,'Zephania','Gibson','8356460','ornare.lectus@aol.ca','3230 Mattis Road','STAFF','175162','2022-01-20',NULL,NULL),(22,'Nasim','Bender','9553470','praesent@aol.org','P.O. Box 862, 7013 Iaculis St.','STAFF','186239','2022-01-20',NULL,NULL),(23,'Emmanuel','Vazquez','1048716','ligula.elit@outlook.ca','989-6634 Non Road','STAFF','142257','2022-01-20',NULL,NULL),(24,'Ezra','Hicks','8554671','fermentum@google.com','675-3663 Et Ave','STAFF','175757','2022-01-20',NULL,NULL),(25,'Gareth','Conner','4236114','semper.auctor.mauris@outlook.com','168-6966 Metus Road','STAFF','152471','2022-01-20',NULL,NULL),(26,'Shay','Hawkins','5446467','elit@aol.org','833-9214 Cursus St.','STAFF','161809','2022-01-20',NULL,NULL),(27,'Philip','Drake','4453852','tincidunt.pede@google.com','504-8037 Duis St.','STAFF','158694','2022-01-20',NULL,NULL),(28,'Stephanie','Woods','8266710','nunc.ullamcorper@outlook.edu','1882 Proin Ave','STAFF','145122','2022-01-20',NULL,NULL),(29,'Ciara','Schneider','2486565','neque.non@hotmail.org','555-4780 Nec Ave','STAFF','197526','2022-01-20',NULL,NULL),(30,'Shana','Saunders','8611575','tortor.nunc@google.org','Ap #124-5352 Ultrices Av.','STAFF','176536','2022-01-20',NULL,NULL),(31,'Gillian','Pruitt','8535824','pede@outlook.org','Ap #660-6930 Egestas St.','STAFF','133151','2022-01-20',NULL,NULL),(32,'Kasper','Francis','6241102','diam@aol.com','205-2607 Lorem, Av.','STAFF','147131','2022-01-20',NULL,NULL),(33,'Quail','Sweeney','3215662','egestas.urna@protonmail.ca','317-9052 Risus Road','STAFF','122422','2022-01-20',NULL,NULL),(34,'ctavius','Waters','4977759','suspendisse.sed@yahoo.ca','P.O. Box 802, 5651 Egestas, Ave','STAFF','107168','2022-01-20',NULL,NULL),(35,'Hadley','Barry','2863326','vestibulum.neque@icloud.net','Ap #327-3331 Proin Rd.','STAFF','188906','2022-01-20',NULL,NULL),(36,'Mollie','Fields','4155043','cras.eget@hotmail.com','9784 Orci Rd.','STAFF','161910','2022-01-20',NULL,NULL),(37,'Frances','Larson','8652731','molestie@icloud.com','Ap #393-322 Fringilla Road','STAFF','190688','2022-01-20',NULL,NULL),(38,'Emi','Hutchinson','4262284','aliquam@outlook.org','Ap #693-1912 Eget Av.','STAFF','111890','2022-01-20',NULL,NULL),(39,'Xyla','Pruitt','3531472','molestie.sed@hotmail.com','Ap #140-8532 Varius Rd.','STAFF','131909','2022-01-20',NULL,NULL),(40,'Merritt','Erickson','6073821','ac@protonmail.org','774-4644 Nec, Rd.','STAFF','162780','2022-01-20',NULL,NULL),(41,'Eagan','Horton','2075451','velit.quisque@protonmail.org','Ap #315-6399 Ipsum Rd.','STAFF','123974','2022-01-20',NULL,NULL),(42,'Phoebe','Schmidt','8331312','lorem.semper@protonmail.net','Ap #558-4332 Neque. Rd.','STAFF','148228','2022-01-20',NULL,NULL),(43,'Nash','Cline','7583328','laoreet@icloud.edu','4871 Amet Ave','STAFF','143075','2022-01-20',NULL,NULL),(44,'Hayes','Johns','1426941','sit@yahoo.org','P.O. Box 394, 3366 Tempus Ave','STAFF','171606','2022-01-20',NULL,NULL),(45,'Xanthus','Shepherd','8684930','risus@protonmail.net','P.O. Box 790, 2334 Ante St.','STAFF','148906','2022-01-20',NULL,NULL),(46,'Ross','neil','8364481','aliquam.auctor@hotmail.com','3937 Primis Rd.','STAFF','101320','2022-01-20',NULL,NULL),(47,'Brooke','Gardner','4467269','ligula@aol.com','P.O. Box 343, 6546 Lacinia Rd.','STAFF','112673','2022-01-20',NULL,NULL),(48,'Heather','Wilcox','3121388','urna@hotmail.com','Ap #780-930 Sed Av.','STAFF','161385','2022-01-20',NULL,NULL),(49,'Curran','rtiz','8435273','augue.scelerisque@hotmail.org','470-9564 Nonummy Rd.','STAFF','189807','2022-01-20',NULL,NULL),(50,'Chantale','Bray','6038526','ut.pellentesque.eget@hotmail.couk','167-7228 Rhoncus. Rd.','STAFF','149167','2022-01-20',NULL,NULL),(51,'Audra','Copeland','9564650','vitae.erat.vel@protonmail.edu','897-9459 Eu Street','STAFF','103331','2022-01-20',NULL,NULL),(52,'Channing','Barry','6874831','pede@yahoo.com','658-1778 Urna. Av.','STAFF','111341','2022-01-20',NULL,NULL),(53,'Jaime','Rocha','8536767','nonummy.ac.feugiat@hotmail.net','108 A Rd.','STAFF','138187','2022-01-20',NULL,NULL),(54,'Lionel','Browning','7134697','cursus.non@outlook.com','435-1343 Gravida. Rd.','STAFF','133514','2022-01-20',NULL,NULL),(55,'Eagan','Fulton','4298624','mauris@aol.edu','Ap #251-4014 Ridiculus Rd.','STAFF','189374','2022-01-20',NULL,NULL),(56,'Uma','Knight','3525581','auctor.quis@google.com','Ap #419-5855 Metus St.','STAFF','106094','2022-01-20',NULL,NULL),(57,'Hashim','Daugherty','8116228','ipsum.cursus.vestibulum@google.ca','Ap #253-2285 Arcu Rd.','STAFF','195669','2022-01-20',NULL,NULL),(58,'Teegan','Merritt','2767735','volutpat@hotmail.couk','8745 Ut St.','STAFF','127354','2022-01-20',NULL,NULL),(59,'Rooney','Hogan','7337745','eu.euismod.ac@aol.net','P.O. Box 417, 478 Vulputate St.','STAFF','146026','2022-01-20',NULL,NULL),(60,'Howard','Scott','6859616','ornare.egestas@protonmail.org','528-1815 Ut, Avenue','STAFF','141913','2022-01-20',NULL,NULL),(61,'George','Franklin','5417467','fermentum.vel.mauris@icloud.ca','P.O. Box 692, 4536 Lacus Av.','STAFF','121007','2022-01-20',NULL,NULL),(62,'Rina','Shelton','6887827','feugiat.non.lobortis@protonmail.com','Ap #901-5117 Pellentesque St.','STAFF','119515','2022-01-20',NULL,NULL),(63,'Kylan','Jennings','6383985','semper.pretium@aol.couk','7750 Metus Ave','STAFF','115400','2022-01-20',NULL,NULL),(64,'Amos','Byrd','3121301','sem.ut.dolor@google.com','612-9144 Rutrum St.','STAFF','104723','2022-01-20',NULL,NULL),(65,'Isabella','Silva','7715875','eget@aol.edu','Ap #283-9628 Sed St.','STAFF','178134','2022-01-20',NULL,NULL),(66,'Angelica','William','5814834','magna.suspendisse.tristique@outlook.couk','3507 Proin Rd.','STAFF','108806','2022-01-20',NULL,NULL),(67,'Flavia','David','1263272','tempus.mauris@aol.com','105-4898 Velit. Rd.','STAFF','173009','2022-01-20',NULL,NULL),(68,'Shoshana','Phillips','5703738','mi.enim.condimentum@icloud.net','333-875 Ut, Road','STAFF','196435','2022-01-20',NULL,NULL),(69,'Cole','Burgess','1608058','consequat.auctor@protonmail.couk','P.O. Box 302, 7295 Eget St.','STAFF','159048','2022-01-20',NULL,NULL),(70,'Demetria','Estrada','3948224','et.magnis@google.org','Ap #469-6303 Pede Rd.','STAFF','133980','2022-01-20',NULL,NULL),(71,'Len','Mcconnell','4511577','nulla.semper@outlook.net','Ap #648-2268 Ullamcorper, St.','STAFF','196596','2022-01-20',NULL,NULL),(72,'Tiger','Clements','7685966','eu.elit.nulla@icloud.couk','2430 Morbi Road','STAFF','190882','2022-01-20',NULL,NULL),(73,'Brynn','Malone','8605423','ultrices@google.couk','Ap #132-8183 Tincidunt St.','STAFF','153652','2022-01-20',NULL,NULL),(74,'Lucian','Ashley','5366562','sodales.nisi.magna@aol.edu','769-2256 Euismod Ave','STAFF','157703','2022-01-20',NULL,NULL),(75,'Hop','Ross','1583237','id.enim@google.org','Ap #322-7605 A St.','STAFF','170669','2022-01-20',NULL,NULL),(76,'Harlan','Cantu','5096876','urna@aol.org','672-6162 Proin Rd.','STAFF','188329','2022-01-20',NULL,NULL),(77,'Uriah','Watson','3734716','libero@aol.org','Ap #125-2872 Id Rd.','STAFF','109650','2022-01-20',NULL,NULL),(78,'Maya','Waller','4730723','metus@icloud.net','P.O. Box 379, 1341 Suspendisse Rd.','STAFF','119764','2022-01-20',NULL,NULL),(79,'Adele','Petty','2229858','adipiscing.fringilla@google.couk','Ap #153-3130 Elit. Rd.','STAFF','135571','2022-01-20',NULL,NULL),(80,'Alice','Chase','3134512','aenean.eget.magna@protonmail.couk','3281 Nulla. Ave','STAFF','119460','2022-01-20',NULL,NULL),(81,'Nita','Lott','7785738','vel@icloud.org','176-4470 Elit Ave','STAFF','111560','2022-01-20',NULL,NULL),(82,'Vera','Barton','3125876','vestibulum.ante@google.ca','5087 Et, St.','STAFF','192225','2022-01-20',NULL,NULL),(83,'Audra','Morse','8430844','nulla@protonmail.net','234-9287 Ipsum. St.','STAFF','135520','2022-01-20',NULL,NULL),(84,'Cheyenne','Johns','5233241','inceptos.hymenaeos.mauris@google.couk','Ap #826-5249 Quis Rd.','STAFF','174390','2022-01-20',NULL,NULL),(85,'Rebekah','Nixon','6264169','vitae.orci@aol.ca','685 Fringilla Rd.','STAFF','141224','2022-01-20',NULL,NULL),(86,'livia','Patterson','5802983','pede.et@protonmail.edu','541-1477 Malesuada Street','STAFF','135717','2022-01-20',NULL,NULL),(87,'Judith','Farley','7618711','ornare.egestas@yahoo.couk','561-1525 Ac Ave','STAFF','188903','2022-01-20',NULL,NULL),(88,'Marny','Mason','1144771','vulputate.posuere.vulputate@outlook.ca','Ap #980-3990 Ipsum Rd.','STAFF','112596','2022-01-20',NULL,NULL),(89,'Mohammad','Nguyen','6704651','fusce.mi.lorem@hotmail.couk','Ap #960-6893 Nascetur Road','STAFF','118072','2022-01-20',NULL,NULL),(90,'Leo','Terry','4432602','fames.ac@outlook.ca','856-5578 Nam Street','STAFF','106094','2022-01-20',NULL,NULL),(91,'Lewis','Mcmahon','6323122','dui.nec@protonmail.com','Ap #368-1483 Nam Rd.','STAFF','166975','2022-01-20',NULL,NULL),(92,'Kevin','Chang','2284648','eget@yahoo.couk','435-5696 Dolor. Rd.','STAFF','136382','2022-01-20',NULL,NULL),(93,'Breanna','Bird','9191191','massa.suspendisse@google.couk','P.O. Box 306, 3457 Ad St.','STAFF','146583','2022-01-20',NULL,NULL),(94,'Nicole','Bolton','2682972','turpis@yahoo.org','Ap #381-7254 Vehicula St.','STAFF','105867','2022-01-20',NULL,NULL),(95,'Dale','Davis','9671267','tellus@protonmail.com','922-4532 Amet Rd.','STAFF','185322','2022-01-20',NULL,NULL),(96,'Price','Glenn','6377829','nam.nulla.magna@icloud.edu','Ap #797-8599 Imperdiet, Street','STAFF','114472','2022-01-20',NULL,NULL),(97,'Michael','Leach','6685311','neque.nullam@protonmail.couk','751-7817 Dictum Ave','STAFF','152297','2022-01-20',NULL,NULL),(98,'Karen','Pugh','5087591','fusce@protonmail.couk','8736 Feugiat Rd.','STAFF','118440','2022-01-20',NULL,NULL),(99,'Serena','sborn','9463922','nisl@icloud.edu','208-9705 Euismod Rd.','STAFF','110975','2022-01-20',NULL,NULL),(100,'Lana','Watkins','5067654','ut@aol.couk','Ap #713-154 Ante Road','STAFF','193348','2022-01-20',NULL,NULL),(101,'Kennan','neil','8227858','penatibus.et@aol.couk','Ap #854-5202 Mauris Rd.','STAFF','178118','2022-01-20',NULL,NULL),(102,'Justin','Roach','6323426','tempus@google.edu','Ap #912-7427 Orci, Av.','STAFF','102748','2022-01-20',NULL,NULL),(103,'Ifeoma','Waters','6288879','cubilia.curae.donec@yahoo.ca','640-3164 Orci, Rd.','STAFF','144979','2022-01-20',NULL,NULL),(104,'Jaden','Moon','1799347','ornare.sagittis.felis@protonmail.com','Ap #361-4179 Dictum St.','STAFF','106403','2022-01-20',NULL,NULL),(105,'Daryl','Bell','2213042','fermentum@aol.edu','575-8226 Consectetuer, Road','STAFF','118375','2022-01-20',NULL,NULL),(106,'Rafael','Short','8878037','ipsum.primis@protonmail.edu','P.O. Box 884, 6868 Scelerisque, Av.','STAFF','188255','2022-01-20',NULL,NULL),(107,'Logan','Golden','8146977','fringilla.mi@google.edu','8319 Faucibus Rd.','STAFF','117873','2022-01-20',NULL,NULL),(108,'Keaton','Crawford','3585375','euismod@outlook.edu','337-8629 Magna Av.','STAFF','143565','2022-01-20',NULL,NULL),(109,'Adrienne','Carr','2277154','suspendisse.aliquet@protonmail.com','7953 Ut Rd.','STAFF','168998','2022-01-20',NULL,NULL),(110,'Dylan','Battle','6020018','magna@protonmail.edu','9529 Nullam Rd.','STAFF','112247','2022-01-20',NULL,NULL),(111,'Hadley','Maxwell','7787763','auctor.odio.a@outlook.org','Ap #556-4320 Luctus St.','STAFF','183560','2022-01-20',NULL,NULL),(112,'Chantale','Hull','6324803','luctus.sit.amet@icloud.net','Ap #255-4019 Nisi St.','STAFF','124693','2022-01-20',NULL,NULL),(113,'Kaitlin','Cline','5534847','ultricies.adipiscing@icloud.edu','994-970 Cras Ave','STAFF','111277','2022-01-20',NULL,NULL),(114,'Brent','Vinson','6327817','egestas.a.dui@outlook.couk','Ap #774-771 Ullamcorper St.','STAFF','144271','2022-01-20',NULL,NULL),(115,'Sasha','Aguilar','9472375','enim.nec@hotmail.couk','1802 Leo. Road','STAFF','112932','2022-01-20',NULL,NULL),(116,'Lucian','George','6598324','neque.nullam.nisl@yahoo.couk','Ap #130-3812 Dolor Av.','STAFF','118506','2022-01-20',NULL,NULL),(117,'Adele','Cooley','5164176','sit.amet@google.com','P.O. Box 162, 7521 Ut Road','STAFF','101386','2022-01-20',NULL,NULL),(118,'Kimberley','Fuentes','7134485','aenean@outlook.net','647-2937 Amet Rd.','STAFF','107990','2022-01-20',NULL,NULL),(119,'Jesse','Howe','8435122','dui.cras.pellentesque@yahoo.org','P.O. Box 822, 4012 Lacinia Av.','STAFF','155737','2022-01-20',NULL,NULL),(120,'Eagan','Curtis','8462438','est@aol.com','Ap #284-7167 Nisl Road','STAFF','101467','2022-01-20',NULL,NULL),(121,'Jolene','Mason','4128849','mauris@icloud.com','Ap #617-4656 Lacinia. Rd.','STAFF','112873','2022-01-20',NULL,NULL),(122,'Kasimir','Prince','5348077','mauris.ut@aol.edu','Ap #886-9441 Fusce Rd.','STAFF','161629','2022-01-20',NULL,NULL),(123,'Amanda','Richard','2148417','auctor.vitae@aol.ca','560-6497 Integer Avenue','STAFF','100480','2022-01-20',NULL,NULL),(124,'Ignacia','Eaton','2578234','nulla.donec.non@outlook.edu','P.O. Box 608, 6225 Diam Av.','STAFF','176721','2022-01-20',NULL,NULL),(125,'Macy','Palmer','8586849','tincidunt.tempus@aol.couk','Ap #770-9206 Torquent St.','STAFF','187667','2022-01-20',NULL,NULL),(126,'Valentine','Knowles','3875758','sem.egestas.blandit@hotmail.ca','P.O. Box 626, 1050 Quis Street','STAFF','145813','2022-01-20',NULL,NULL),(127,'Yvonne','Hines','2606191','neque.nullam.nisl@protonmail.couk','6590 Placerat, Ave','STAFF','107337','2022-01-20',NULL,NULL),(128,'Herman','Allison','2738224','elit.elit@protonmail.couk','592-8823 Quam Ave','STAFF','175142','2022-01-20',NULL,NULL),(129,'Susan','Floyd','7480843','consequat@icloud.ca','8129 Egestas Rd.','STAFF','144839','2022-01-20',NULL,NULL),(130,'Brandon','Johns','4324654','integer@hotmail.net','9929 Curae Rd.','STAFF','188884','2022-01-20',NULL,NULL),(131,'Dale','Pearson','3131762','rutrum.lorem.ac@hotmail.couk','Ap #583-6869 Consequat Street','STAFF','199075','2022-01-20',NULL,NULL),(132,'Alfonso','Alvarez','8323528','mauris.suspendisse.aliquet@icloud.com','Ap #327-9599 Magna Rd.','STAFF','192472','2022-01-20',NULL,NULL),(133,'Hillary','Guy','4467617','volutpat.ornare@outlook.com','937-3318 Id Rd.','STAFF','142395','2022-01-20',NULL,NULL),(134,'Adena','Nash','2854484','tincidunt.tempus.risus@icloud.edu','827-8739 Nonummy Av.','STAFF','136805','2022-01-20',NULL,NULL),(135,'Aphrodite','Doyle','8318376','lacinia@outlook.ca','389 Proin Ave','STAFF','149832','2022-01-20',NULL,NULL),(136,'Destiny','Stanley','6201384','et.rutrum@protonmail.edu','Ap #357-3832 Ornare Street','STAFF','160071','2022-01-20',NULL,NULL),(137,'Valentine','Wilkerson','7333743','risus@hotmail.couk','462-3698 Mus. Ave','STAFF','125996','2022-01-20',NULL,NULL),(138,'Mara','Mejia','6065486','habitant@protonmail.com','P.O. Box 977, 3921 Augue, Rd.','STAFF','110496','2022-01-20',NULL,NULL),(139,'Rajah','Silva','4325442','proin.eget@hotmail.edu','4235 Semper Av.','STAFF','135715','2022-01-20',NULL,NULL),(140,'Myles','Whitehead','8203203','non@yahoo.org','823-1724 Velit. St.','STAFF','126428','2022-01-20',NULL,NULL),(141,'Faith','Santiago','6471301','orci.lacus@aol.edu','Ap #842-784 Hendrerit Ave','STAFF','184950','2022-01-20',NULL,NULL),(142,'Nathan','Mueller','8167220','curabitur@yahoo.ca','P.O. Box 968, 2589 At Avenue','STAFF','147075','2022-01-20',NULL,NULL),(143,'Jessamine','Lopez','3317038','duis@icloud.ca','2083 Vitae, Rd.','STAFF','131893','2022-01-20',NULL,NULL),(144,'Kiara','Burks','3619583','ut@yahoo.com','Ap #635-5935 Non, St.','STAFF','150075','2022-01-20',NULL,NULL),(145,'Nola','Jensen','3976527','mus.aenean@protonmail.couk','689 Nonummy Rd.','STAFF','147209','2022-01-20',NULL,NULL),(146,'Ayanna','Hendricks','8659180','odio.nam@hotmail.couk','912-7741 Tincidunt Road','STAFF','166588','2022-01-20',NULL,NULL),(147,'Nyssa','Spencer','6543122','est.nunc.laoreet@aol.couk','P.O. Box 673, 9584 Tempus Road','STAFF','180101','2022-01-20',NULL,NULL),(148,'Michelle','Atkinson','8667713','consequat.lectus@google.ca','356-536 Blandit Street','STAFF','110731','2022-01-20',NULL,NULL),(149,'Travis','Holden','7562778','mauris.blandit@aol.com','Ap #251-6857 In Avenue','STAFF','160193','2022-01-20',NULL,NULL),(150,'Linda','Herman','9675651','sed.et@outlook.net','490-5341 Massa. Rd.','STAFF','133592','2022-01-20',NULL,NULL),(151,'Ryder','Huber','6555141','scelerisque.scelerisque@protonmail.edu','Ap #575-229 Enim. Ave','STAFF','160240','2022-01-20',NULL,NULL),(152,'Kessie','Miles','1183321','leo.elementum.sem@protonmail.couk','P.O. Box 567, 5575 Quis, Avenue','STAFF','114648','2022-01-20',NULL,NULL),(153,'Brenna','Barton','6360323','iaculis.odio@aol.com','Ap #308-3929 Proin Ave','STAFF','126895','2022-01-20',NULL,NULL),(154,'Joel','Pratt','6713848','ante.dictum@yahoo.com','3695 Semper Rd.','STAFF','114364','2022-01-20',NULL,NULL),(155,'Wynne','Carey','5616767','diam.at@hotmail.org','799-7605 Aliquam Rd.','STAFF','104418','2022-01-20',NULL,NULL),(156,'Germaine','Bradshaw','8074217','cubilia.curae.donec@protonmail.couk','P.O. Box 348, 2535 Duis Avenue','STAFF','179492','2022-01-20',NULL,NULL),(157,'Helen','Mckee','6295245','ut@protonmail.net','Ap #762-7472 Sed Rd.','STAFF','181146','2022-01-20',NULL,NULL),(158,'Emmanuel','Sheppard','7492363','etiam@yahoo.ca','Ap #362-8682 Dui, Avenue','STAFF','193680','2022-01-20',NULL,NULL),(159,'Bryar','Mclean','5661572','et.magnis@hotmail.net','203-7643 Vestibulum Rd.','STAFF','199136','2022-01-20',NULL,NULL),(160,'Tanner','Sosa','8987693','cras@yahoo.com','889-1841 Erat, St.','STAFF','179089','2022-01-20',NULL,NULL),(161,'Mark','Bauer','6748732','eget@google.com','3359 Proin Av.','STAFF','149788','2022-01-20',NULL,NULL),(162,'Clark','Forbes','7794872','fringilla.ornare@hotmail.com','Ap #935-7968 Morbi Road','STAFF','121584','2022-01-20',NULL,NULL),(163,'Jayme','Sullivan','2174024','enim.condimentum.eget@outlook.org','917-429 Magna Rd.','STAFF','193987','2022-01-20',NULL,NULL),(164,'Emi','Hodge','5227371','ipsum@hotmail.couk','502-6564 Dolor Rd.','STAFF','146604','2022-01-20',NULL,NULL),(165,'Lacy','Mcdonald','6823226','parturient.montes.nascetur@aol.org','Ap #477-4835 Orci. Ave','STAFF','127290','2022-01-20',NULL,NULL),(166,'Faith','Stevenson','1129970','morbi.sit@aol.com','869-3849 Metus. Avenue','STAFF','161029','2022-01-20',NULL,NULL),(167,'Cynthia','French','1666764','montes.nascetur.ridiculus@aol.com','359-3308 Aliquet. Road','STAFF','106859','2022-01-20',NULL,NULL),(168,'Tyrone','Bentley','5452447','justo.praesent@google.ca','Ap #816-2422 Euismod St.','STAFF','123881','2022-01-20',NULL,NULL),(169,'Ryder','Briggs','5685134','adipiscing.mauris@hotmail.org','988-8916 Dui, St.','STAFF','190846','2022-01-20',NULL,NULL),(170,'Sage','Collier','7882890','sem.egestas.blandit@hotmail.edu','957-9106 Quis Ave','STAFF','143082','2022-01-20',NULL,NULL),(171,'Dorian','Dixon','7236642','nulla@outlook.com','2296 Tristique Ave','STAFF','170171','2022-01-20',NULL,NULL),(172,'Julian','Love','9535773','mollis.phasellus@aol.org','199-2338 Augue St.','STAFF','191349','2022-01-20',NULL,NULL),(173,'Rudyard','Benjamin','9317185','vulputate.posuere@hotmail.org','414-8372 Ligula St.','STAFF','192629','2022-01-20',NULL,NULL),(174,'Shellie','Mercer','9772933','eu.lacus@protonmail.com','230 Nibh St.','STAFF','113415','2022-01-20',NULL,NULL),(175,'Kylee','Conrad','5184837','placerat.eget.venenatis@outlook.org','126-1520 A Rd.','STAFF','125733','2022-01-20',NULL,NULL),(176,'Josiah','Matthews','1797613','ac.mattis@aol.net','P.O. Box 376, 6565 Non, Ave','STAFF','163049','2022-01-20',NULL,NULL),(177,'Erin','Mckay','3771137','duis@protonmail.ca','454-4945 Cum St.','STAFF','129556','2022-01-20',NULL,NULL),(178,'Nissim','Lucas','2224118','ridiculus.mus@protonmail.couk','588-2560 Sagittis Av.','STAFF','171296','2022-01-20',NULL,NULL),(179,'Leo','Lucas','5181876','magna.tellus@google.com','690-9293 Sem St.','STAFF','131503','2022-01-20',NULL,NULL),(180,'Ila','Collins','4545793','id@icloud.net','P.O. Box 875, 3490 Ac Rd.','STAFF','103643','2022-01-20',NULL,NULL),(181,'Colby','Salinas','7578458','ut.odio.vel@protonmail.ca','P.O. Box 988, 5353 Fusce St.','STAFF','177219','2022-01-20',NULL,NULL),(182,'Inga','Solis','3166896','sed@icloud.couk','940-8961 Aenean Ave','STAFF','134729','2022-01-20',NULL,NULL),(183,'Skyler','Burch','6464344','tempus.eu.ligula@hotmail.org','Ap #230-9698 Ac Street','STAFF','169038','2022-01-20',NULL,NULL),(184,'Sage','Walters','4050308','tellus.nunc@hotmail.ca','Ap #786-892 Luctus Road','STAFF','116818','2022-01-20',NULL,NULL),(185,'Zachery','Howell','3157367','interdum.libero@hotmail.com','P.O. Box 742, 9174 Sem Av.','STAFF','132683','2022-01-20',NULL,NULL),(186,'Aaron','Petty','4404644','quam@outlook.com','P.O. Box 641, 5382 Consequat Street','STAFF','155733','2022-01-20',NULL,NULL),(187,'Amal','Burris','5779231','ornare@outlook.ca','P.O. Box 498, 9175 Phasellus St.','STAFF','155992','2022-01-20',NULL,NULL),(188,'Tana','Mathis','2749537','erat.neque.non@aol.org','Ap #287-7948 Tincidunt Rd.','STAFF','191162','2022-01-20',NULL,NULL),(189,'Brynn','Nicholson','3642347','nascetur.ridiculus@protonmail.ca','295-560 Nulla Rd.','STAFF','142479','2022-01-20',NULL,NULL),(190,'Colette','Harrison','3734126','nonummy.ultricies@outlook.couk','Ap #644-6256 Elit. Av.','STAFF','115208','2022-01-20',NULL,NULL),(191,'Nevada','Dunlap','3499673','nisi.a@icloud.edu','4690 Libero. Rd.','STAFF','184958','2022-01-20',NULL,NULL),(192,'Troy','Carter','1520406','sociis.natoque@outlook.com','P.O. Box 914, 2689 Tellus Rd.','STAFF','117209','2022-01-20',NULL,NULL),(193,'Calista','Goff','7241347','a.felis@outlook.com','351-7259 Etiam Av.','STAFF','144699','2022-01-20',NULL,NULL),(194,'Harper','Hart','6183908','congue.turpis.in@protonmail.ca','Ap #465-2271 Posuere Street','STAFF','197570','2022-01-20',NULL,NULL),(195,'Dominic','Mason','9253157','enim.nec@yahoo.net','807-728 Erat Rd.','STAFF','103803','2022-01-20',NULL,NULL),(196,'Aaron','Holloway','6814328','mauris.non@aol.net','7867 Non Road','STAFF','143355','2022-01-20',NULL,NULL),(197,'Lacey','West','5746157','diam.sed.diam@protonmail.ca','683-4745 Id Street','STAFF','187201','2022-01-20',NULL,NULL),(198,'Chancellor','Lester','6221402','massa.integer@icloud.ca','Ap #492-5327 Non, Rd.','STAFF','181608','2022-01-20',NULL,NULL),(199,'Kirestin','Delgado','1271012','eros.nam.consequat@protonmail.ca','715-5367 Velit Avenue','STAFF','169064','2022-01-20',NULL,NULL),(201,'Iola','Morrow','5648352','mi@yahoo.org','461-1171 Dolor St.','STAFF','157031','2022-01-20',NULL,NULL),(202,'Kenneth','Marquez','4437641','cum.sociis.natoque@hotmail.edu','Ap #145-2556 Proin Street','STAFF','191561','2022-01-20',NULL,NULL),(203,'Hop','Reid','2462284','auctor.velit@yahoo.net','804-4089 Nisi Rd.','STAFF','187966','2022-01-20',NULL,NULL),(204,'Bo','Rogers','1285525','pulvinar.arcu@outlook.net','307-6191 Eu St.','STAFF','190503','2022-01-20',NULL,NULL),(205,'Hedwig','Chan','4319766','vivamus.non@icloud.com','Ap #572-4818 Magna St.','STAFF','117151','2022-01-20',NULL,NULL),(206,'Sydnee','Dixon','1574752','molestie@protonmail.edu','6436 A, Avenue','STAFF','163536','2022-01-20',NULL,NULL),(207,'Kristen','Hayes','7279140','vel.est@hotmail.ca','Ap #993-4093 Duis Avenue','STAFF','184042','2022-01-20',NULL,NULL),(208,'Carol','Galloway','8560102','varius.orci.in@outlook.org','898-414 Vel, Ave','STAFF','193678','2022-01-20',NULL,NULL),(209,'Chiquita','Erickson','5471572','vitae.purus@icloud.couk','Ap #545-4133 Scelerisque Rd.','STAFF','174343','2022-01-20',NULL,NULL),(210,'Rebecca','Erickson','7235473','lorem.tristique.aliquet@icloud.ca','P.O. Box 914, 4920 Porttitor Ave','STAFF','143089','2022-01-20',NULL,NULL),(211,'Xavier','Espinoza','7458312','augue.ac@google.net','2839 Gravida Rd.','STAFF','123653','2022-01-20',NULL,NULL),(212,'Moses','Small','2213495','elementum.at.egestas@hotmail.edu','325-2610 Convallis St.','STAFF','104269','2022-01-20',NULL,NULL),(213,'Idona','Colon','2812438','dis.parturient@hotmail.com','Ap #768-6381 Massa. Street','STAFF','105500','2022-01-20',NULL,NULL),(214,'Raya','Cooper','2158355','nam.ac.nulla@protonmail.org','Ap #112-6730 Lacus, Ave','STAFF','138889','2022-01-20',NULL,NULL),(215,'ri','Duran','7247521','integer.vulputate@google.ca','Ap #653-9273 Est, Avenue','STAFF','132984','2022-01-20',NULL,NULL),(216,'Azalia','Nash','5053544','iaculis.lacus@google.com','P.O. Box 177, 4103 Erat Av.','STAFF','127016','2022-01-20',NULL,NULL),(217,'Gay','Hood','7713576','donec.vitae@aol.ca','114-5792 Mi Rd.','STAFF','148161','2022-01-20',NULL,NULL),(218,'Murphy','Hess','5959386','felis@yahoo.net','538-6243 Enim Av.','STAFF','128480','2022-01-20',NULL,NULL),(219,'Barbara','Everett','2366051','nam.ac@google.ca','952-4540 Nibh St.','STAFF','143848','2022-01-20',NULL,NULL),(220,'Juliet','Deleon','3749945','neque.sed.eget@yahoo.net','P.O. Box 430, 3629 Sed Rd.','STAFF','158475','2022-01-20',NULL,NULL),(221,'Calvin','Welch','5458748','sed.molestie@hotmail.edu','Ap #844-8285 In Av.','STAFF','114806','2022-01-20',NULL,NULL),(222,'Rhiannon','Reid','3707555','leo.morbi@protonmail.ca','713-8705 Dui Road','STAFF','194630','2022-01-20',NULL,NULL),(223,'Mallory','Carr','5636037','semper.tellus@yahoo.edu','9695 Phasellus Rd.','STAFF','133747','2022-01-20',NULL,NULL),(224,'Fredericka','Haynes','4361714','et.rutrum@protonmail.couk','5914 Quam, Rd.','STAFF','195028','2022-01-20',NULL,NULL),(225,'Wilma','Stevens','3522095','sodales.mauris.blandit@google.edu','Ap #333-4099 Euismod Avenue','STAFF','193501','2022-01-20',NULL,NULL),(226,'Sarah','Kelley','3264511','felis.purus@icloud.ca','Ap #477-7735 Sapien. Ave','STAFF','179970','2022-01-20',NULL,NULL),(227,'Quin','Young','4523541','maecenas.mi.felis@outlook.net','Ap #423-7581 Augue Avenue','STAFF','103435','2022-01-20',NULL,NULL),(228,'Cyrus','Hopkins','7727414','cubilia.curae@outlook.ca','445-7832 Feugiat Av.','STAFF','118346','2022-01-20',NULL,NULL),(229,'Amity','Velasquez','7106498','non.lacinia@outlook.couk','P.O. Box 386, 3334 In Av.','STAFF','135419','2022-01-20',NULL,NULL),(230,'Brody','Harrington','7435733','per.conubia@outlook.net','937-6155 Eleifend St.','STAFF','192362','2022-01-20',NULL,NULL),(231,'Carolyn','Guthrie','6894453','gravida@outlook.com','Ap #636-7185 Ac Av.','STAFF','124490','2022-01-20',NULL,NULL),(232,'Kieran','York','1546651','sit.amet@aol.edu','713-5178 Egestas St.','STAFF','113313','2022-01-20',NULL,NULL),(233,'Tad','Curtis','6880084','donec.at.arcu@google.couk','Ap #771-5372 Commodo St.','STAFF','146988','2022-01-20',NULL,NULL),(234,'Zane','Solis','5385659','nunc@aol.couk','P.O. Box 618, 7881 Vel Ave','STAFF','159250','2022-01-20',NULL,NULL),(235,'Kiara','Mcintosh','7862891','mollis@hotmail.couk','P.O. Box 386, 8866 Convallis Rd.','STAFF','106552','2022-01-20',NULL,NULL),(236,'ctavia','Welch','6325113','ridiculus.mus@yahoo.edu','236-8463 Lorem, Ave','STAFF','143208','2022-01-20',NULL,NULL),(237,'Timothy','Kramer','5867577','ac.libero@yahoo.org','Ap #767-4617 Praesent St.','STAFF','199508','2022-01-20',NULL,NULL),(238,'Haley','Merritt','2486961','aliquet.magna@icloud.ca','187-403 Orci, Rd.','STAFF','178696','2022-01-20',NULL,NULL),(239,'Lucas','Stevenson','3132580','in.at@protonmail.couk','Ap #301-9834 Cras Avenue','STAFF','100249','2022-01-20',NULL,NULL),(240,'Lawrence','Mccullough','3011814','elementum.lorem@icloud.org','567-9323 Tortor Rd.','STAFF','175171','2022-01-20',NULL,NULL),(241,'Xanthus','Cooley','4955534','velit@protonmail.net','Ap #990-1250 Quisque Street','STAFF','133940','2022-01-20',NULL,NULL),(242,'Pearl','Acevedo','4445631','fringilla@outlook.edu','Ap #319-3379 Nibh. Rd.','STAFF','174690','2022-01-20',NULL,NULL),(243,'Ruby','Berger','6121657','elementum.dui@outlook.couk','6616 Ut St.','STAFF','119633','2022-01-20',NULL,NULL),(244,'Robert','Summers','1218765','eros@icloud.net','Ap #783-4006 Quam Rd.','STAFF','122009','2022-01-20',NULL,NULL),(245,'Warren','Barry','3148758','vestibulum.ante@aol.ca','372-2218 Cubilia St.','STAFF','189843','2022-01-20',NULL,NULL),(246,'Harlan','Miles','6523131','a.felis.ullamcorper@google.ca','Ap #730-3697 Mi. St.','STAFF','163427','2022-01-20',NULL,NULL),(247,'Penelope','Soto','7033177','nec.euismod@hotmail.net','Ap #260-6544 Morbi Road','STAFF','144631','2022-01-20',NULL,NULL),(248,'Nell','Morgan','7038184','ligula.nullam@google.couk','132-1833 Et, St.','STAFF','182818','2022-01-20',NULL,NULL),(249,'Jasmine','Kline','5776782','ultrices.vivamus.rhoncus@protonmail.com','791-8147 Porttitor Avenue','STAFF','176272','2022-01-20',NULL,NULL),(250,'Zachary','Glass','9853689','aliquam.ultrices.iaculis@protonmail.org','1221 Aliquet Rd.','STAFF','114155','2022-01-20',NULL,NULL),(251,'Talon','Hart','8310585','senectus.et@hotmail.edu','P.O. Box 866, 7378 Aliquam Street','STAFF','121378','2022-01-20',NULL,NULL),(252,'Amanda','Atkins','8692528','sit.amet@protonmail.net','7749 Curabitur Av.','STAFF','164661','2022-01-20',NULL,NULL),(253,'Reagan','Cervantes','7820398','morbi.tristique@icloud.org','Ap #859-4849 Integer Rd.','STAFF','183691','2022-01-20',NULL,NULL),(254,'Cassady','Chapman','8360053','ante.iaculis@outlook.couk','P.O. Box 509, 5350 Fringilla Av.','STAFF','199497','2022-01-20',NULL,NULL),(255,'Ashely','sborne','8475761','aliquam.eu@google.ca','885-1536 Consectetuer St.','STAFF','168099','2022-01-20',NULL,NULL),(256,'Dustin','Rose','2472385','sed.consequat@yahoo.net','2645 Sed Rd.','STAFF','148555','2022-01-20',NULL,NULL),(257,'Francis','Harrell','5327112','vehicula.pellentesque@outlook.org','P.O. Box 995, 6280 Ligula St.','STAFF','197280','2022-01-20',NULL,NULL),(258,'Rowan','Carpenter','4522667','eu@google.edu','Ap #358-5568 Condimentum Ave','STAFF','116934','2022-01-20',NULL,NULL),(259,'Iola','Lee','8142858','pede.malesuada.vel@hotmail.net','6248 Morbi St.','STAFF','175092','2022-01-20',NULL,NULL),(260,'Zahir','Evans','7118117','libero.donec@icloud.net','Ap #522-6805 Fringilla, St.','STAFF','112756','2022-01-20',NULL,NULL),(261,'Jerome','Travis','5129287','eu.nibh@protonmail.com','Ap #104-1861 Sem. Road','STAFF','190893','2022-01-20',NULL,NULL),(262,'Maia','Jacobs','8415544','bibendum@protonmail.net','205-2497 Nulla St.','STAFF','185797','2022-01-20',NULL,NULL),(263,'Yolanda','Hayden','4868934','vivamus.nisi.mauris@icloud.org','8945 Vitae, Rd.','STAFF','199189','2022-01-20',NULL,NULL),(264,'Kaitlin','Hines','6423251','ornare.lectus.ante@protonmail.com','Ap #802-9025 Porttitor Rd.','STAFF','123989','2022-01-20',NULL,NULL),(265,'Karen','Boyer','1151750','magna@protonmail.edu','455-8072 Dapibus Rd.','STAFF','178150','2022-01-20',NULL,NULL),(266,'Merrill','Wheeler','6466416','orci.adipiscing.non@aol.com','494-4328 Gravida Street','STAFF','174252','2022-01-20',NULL,NULL),(267,'Hillary','Coffey','6876538','enim@icloud.net','932-2161 Luctus Rd.','STAFF','191968','2022-01-20',NULL,NULL),(268,'Kiayada','Graves','5832856','quisque.fringilla@yahoo.com','6923 Ac Road','STAFF','170215','2022-01-20',NULL,NULL),(269,'Brian','Weiss','2520387','in.dolor.fusce@aol.ca','Ap #547-712 Aliquam Ave','STAFF','190190','2022-01-20',NULL,NULL),(270,'Guy','Barber','9676197','suspendisse@icloud.net','P.O. Box 137, 6876 Feugiat. Road','STAFF','193506','2022-01-20',NULL,NULL),(271,'Louis','Prince','4162314','nascetur.ridiculus@outlook.net','880-3216 Luctus, Av.','STAFF','144270','2022-01-20',NULL,NULL),(272,'Miranda','Foster','4811456','nulla.in@hotmail.couk','Ap #348-9894 Amet Ave','STAFF','109999','2022-01-20',NULL,NULL),(273,'Chiquita','Sharpe','5267589','proin.nisl.sem@yahoo.edu','382-644 Ornare Ave','STAFF','128927','2022-01-20',NULL,NULL),(274,'Cullen','Hines','4051851','vel.sapien@outlook.ca','P.O. Box 896, 3232 Eget, Avenue','STAFF','166610','2022-01-20',NULL,NULL),(275,'Grant','Alford','3102974','feugiat.tellus.lorem@icloud.net','Ap #825-4234 Porttitor Street','STAFF','167489','2022-01-20',NULL,NULL),(276,'Destiny','Wagner','7468533','donec.est.nunc@google.edu','Ap #960-4245 Tempus Street','STAFF','190499','2022-01-20',NULL,NULL),(277,'Brock','Mccarty','8907251','orci.in@protonmail.org','Ap #551-9748 Aliquam Ave','STAFF','196066','2022-01-20',NULL,NULL),(278,'Bert','Castaneda','7365886','vestibulum.ut.eros@icloud.couk','4580 Proin Rd.','STAFF','198748','2022-01-20',NULL,NULL),(279,'Claire','Daugherty','3459174','vulputate.posuere@aol.net','Ap #914-8471 Dui Road','STAFF','172468','2022-01-20',NULL,NULL),(280,'Mark','Connor','9116242','malesuada.id@google.ca','977-8352 Gravida Av.','STAFF','150335','2022-01-20',NULL,NULL),(281,'Evelyn','Benson','2920687','ipsum.primis@yahoo.ca','5689 Nunc Ave','STAFF','126821','2022-01-20',NULL,NULL),(282,'Madaline','Pitts','8689482','tempor.lorem@yahoo.couk','Ap #414-7626 Donec St.','STAFF','113768','2022-01-20',NULL,NULL),(283,'Nita','Fitzgerald','1339020','pede@hotmail.ca','P.O. Box 953, 3142 Donec Rd.','STAFF','144398','2022-01-20',NULL,NULL),(284,'Steel','Dillon','7682015','ullamcorper.duis@protonmail.com','647-660 Magnis Rd.','STAFF','185629','2022-01-20',NULL,NULL),(285,'Garth','Becker','5273206','mauris.morbi@google.com','2695 Elit. Road','STAFF','161174','2022-01-20',NULL,NULL),(286,'Craig','Smith','7111425','dui.fusce@protonmail.net','7563 Sit Road','STAFF','174683','2022-01-20',NULL,NULL),(287,'Fiona','Sheppard','3559240','integer.sem@aol.org','245-2753 Auctor, Avenue','STAFF','192440','2022-01-20',NULL,NULL),(288,'Thomas','Lowe','7626784','hendrerit.neque@outlook.couk','477-624 Est. St.','STAFF','198183','2022-01-20',NULL,NULL),(289,'Margaret','Frye','1925361','enim.nec.tempus@google.com','P.O. Box 246, 1247 At St.','STAFF','146304','2022-01-20',NULL,NULL),(290,'Tanner','Flowers','2701845','phasellus.in@yahoo.couk','Ap #407-3921 Semper Rd.','STAFF','122058','2022-01-20',NULL,NULL),(291,'Alexandra','Clemons','4544871','velit@protonmail.edu','801-190 Vitae Avenue','STAFF','133592','2022-01-20',NULL,NULL),(292,'Maya','Booker','7341226','ultrices@google.ca','Ap #325-3537 Facilisis. Street','STAFF','196400','2022-01-20',NULL,NULL),(293,'Xenos','Rich','1125768','est.nunc@protonmail.edu','Ap #240-9805 Nam Ave','STAFF','144213','2022-01-20',NULL,NULL),(294,'Driscoll','Hoffman','3316106','non.bibendum.sed@icloud.com','4094 Purus Rd.','STAFF','105609','2022-01-20',NULL,NULL),(295,'Bo','Spencer','5251442','orci.in.consequat@icloud.ca','454-8188 Leo. St.','STAFF','105225','2022-01-20',NULL,NULL),(296,'Charde','Frazier','7378828','etiam.vestibulum.massa@outlook.net','Ap #520-3207 Lobortis Avenue','STAFF','192995','2022-01-20',NULL,NULL),(297,'Cassady','Burris','2712339','vulputate.lacus.cras@google.net','880-8682 Nulla Road','STAFF','145371','2022-01-20',NULL,NULL),(298,'Astra','Clements','7993751','feugiat.lorem@outlook.com','202-8014 Eu Ave','STAFF','115236','2022-01-20',NULL,NULL),(299,'Sydney','Schmidt','4132878','suspendisse.non@hotmail.com','P.O. Box 794, 6628 A Ave','STAFF','126759','2022-01-20',NULL,NULL),(300,'Aquila','Mosley','5362845','quisque@yahoo.net','Ap #647-1550 A, Av.','STAFF','183757','2022-01-20',NULL,NULL),(301,'Lydia','Cervantes','4404703','cubilia@yahoo.org','755-4119 Nulla. Ave','STAFF','112785','2022-01-20',NULL,NULL),(302,'Tanisha','Miles','3776629','lectus.a@hotmail.org','Ap #818-1146 Porta St.','STAFF','134475','2022-01-20',NULL,NULL),(303,'Basil','Carey','5445543','elit@outlook.org','9217 Odio. Road','STAFF','183456','2022-01-20',NULL,NULL),(304,'Tallulah','Yates','8846192','nulla.ante@icloud.net','1022 Et Road','STAFF','104990','2022-01-20',NULL,NULL),(305,'Iliana','Rowland','1682858','turpis.egestas.aliquam@yahoo.com','467 Non, St.','STAFF','187640','2022-01-20',NULL,NULL),(306,'Hunter','Baxter','8387714','maecenas.mi@hotmail.org','3738 Sed, Road','STAFF','189615','2022-01-20',NULL,NULL),(307,'Nash','Kane','7688983','elementum@yahoo.ca','P.O. Box 832, 3835 Enim Ave','STAFF','133257','2022-01-20',NULL,NULL),(308,'Aquila','Cherry','3750546','euismod@google.com','P.O. Box 819, 8667 Egestas St.','STAFF','192035','2022-01-20',NULL,NULL),(309,'Hoyt','Boyd','7713226','gravida@protonmail.edu','509-7332 Netus St.','STAFF','153661','2022-01-20',NULL,NULL),(310,'Stacy','Dalton','5070834','in.tempus.eu@icloud.com','876-678 Facilisis, Ave','STAFF','162108','2022-01-20',NULL,NULL),(311,'Victor','Dotson','5272382','sem.semper.erat@yahoo.com','P.O. Box 585, 3338 Venenatis Rd.','STAFF','132301','2022-01-20',NULL,NULL),(312,'Ariel','Solis','2335845','ut.odio.vel@hotmail.com','286-5264 Enim Ave','STAFF','173564','2022-01-20',NULL,NULL),(313,'Amethyst','Randall','5364075','egestas.a@outlook.ca','Ap #979-9475 Volutpat Avenue','STAFF','160229','2022-01-20',NULL,NULL),(314,'Maryam','Sutton','4134612','non@protonmail.ca','P.O. Box 473, 4702 Massa. Road','STAFF','146625','2022-01-20',NULL,NULL),(315,'Basil','Whitney','3361632','sit.amet@yahoo.couk','8207 Pede Avenue','STAFF','173688','2022-01-20',NULL,NULL),(316,'Gabriel','Heath','5665364','metus@aol.couk','P.O. Box 341, 3984 Mauris Avenue','STAFF','176874','2022-01-20',NULL,NULL),(317,'Janna','Simon','6657717','ultrices.mauris@google.couk','P.O. Box 782, 5082 Nulla. Street','STAFF','149349','2022-01-20',NULL,NULL),(318,'Abraham','Mccoy','6097287','volutpat.nulla@yahoo.org','755-8618 Adipiscing Avenue','STAFF','165658','2022-01-20',NULL,NULL),(319,'Hedley','Mcintosh','2746076','nullam.lobortis@google.couk','P.O. Box 553, 5012 Semper St.','STAFF','100141','2022-01-20',NULL,NULL),(320,'Charde','Tillman','3128823','mus.proin@google.com','7560 Non Avenue','STAFF','104374','2022-01-20',NULL,NULL),(321,'Ivor','Spence','5104425','tellus@protonmail.ca','635 Magna Rd.','STAFF','128210','2022-01-20',NULL,NULL),(322,'Malik','Bean','8697533','sit@protonmail.edu','Ap #252-4500 Donec Avenue','STAFF','118428','2022-01-20',NULL,NULL),(323,'Lester','Gallegos','1868267','luctus.curabitur@protonmail.couk','P.O. Box 788, 7271 Iaculis, Rd.','STAFF','147630','2022-01-20',NULL,NULL),(324,'Cara','Vinson','4577232','nec.leo.morbi@icloud.net','Ap #472-1086 Nec, Ave','STAFF','104476','2022-01-20',NULL,NULL),(325,'Wylie','Gilbert','6781150','consectetuer@icloud.net','P.O. Box 360, 7346 Aliquet Ave','STAFF','166078','2022-01-20',NULL,NULL),(326,'Britanney','Donaldson','9504601','purus.maecenas@hotmail.org','8425 Non, Avenue','STAFF','120299','2022-01-20',NULL,NULL),(327,'Murphy','Singleton','7888179','est@icloud.ca','445-4228 Nullam St.','STAFF','132549','2022-01-20',NULL,NULL),(328,'rson','Herman','2355244','auctor.non.feugiat@icloud.ca','437-9282 Erat Ave','STAFF','176838','2022-01-20',NULL,NULL),(329,'Porter','Herman','4926462','et.magnis.dis@yahoo.ca','Ap #342-3695 Tristique St.','STAFF','120341','2022-01-20',NULL,NULL),(330,'Berk','Valdez','8383523','libero.integer@icloud.org','264-5192 At Av.','STAFF','198885','2022-01-20',NULL,NULL),(331,'Joel','Wall','4080116','dui.augue@hotmail.couk','5239 Enim. Rd.','STAFF','106007','2022-01-20',NULL,NULL),(332,'Tanner','Hammond','4698614','arcu@hotmail.com','P.O. Box 254, 6394 Eget St.','STAFF','139134','2022-01-20',NULL,NULL),(333,'Emery','Delacruz','7154526','vel.venenatis@aol.com','P.O. Box 188, 2076 Sed Rd.','STAFF','124979','2022-01-20',NULL,NULL),(334,'Wynne','Church','1385857','metus@aol.net','302-3924 Taciti Rd.','STAFF','130112','2022-01-20',NULL,NULL),(335,'Anastasia','Good','7538278','cursus.in.hendrerit@yahoo.couk','9425 Etiam Rd.','STAFF','183864','2022-01-20',NULL,NULL),(336,'Joshua','Wilkins','4204473','nec.mollis@outlook.com','Ap #746-2837 Sagittis Street','STAFF','184491','2022-01-20',NULL,NULL),(337,'Zorita','Love','7337826','fermentum.convallis@icloud.edu','Ap #876-2721 Aliquam Road','STAFF','110983','2022-01-20',NULL,NULL),(338,'Eliana','Finch','9716794','eget.dictum.placerat@aol.edu','5454 Ultricies St.','STAFF','136299','2022-01-20',NULL,NULL),(339,'Doris','Tyler','5232479','ornare.tortor@aol.com','Ap #136-5076 Quis St.','STAFF','159265','2022-01-20',NULL,NULL),(340,'Maite','Huff','5328184','sit.amet@aol.couk','942-9172 Pede. Rd.','STAFF','179663','2022-01-20',NULL,NULL),(341,'Nicole','Barber','5447860','mauris.blandit@outlook.org','813-8118 Ante Street','STAFF','107342','2022-01-20',NULL,NULL),(342,'Nash','Franklin','8143266','rhoncus.proin.nisl@aol.org','5691 Tincidunt Road','STAFF','175722','2022-01-20',NULL,NULL),(343,'Justin','Castaneda','6783719','turpis@outlook.edu','6457 Vel, Rd.','STAFF','166739','2022-01-20',NULL,NULL),(344,'Brenden','Kane','4313248','quisque.ac@icloud.ca','P.O. Box 224, 2319 Nisl. Rd.','STAFF','167552','2022-01-20',NULL,NULL),(345,'Conan','Butler','4681788','volutpat@google.net','Ap #574-4833 Ac Av.','STAFF','173113','2022-01-20',NULL,NULL),(346,'Ciara','Bates','2859354','neque.nullam@yahoo.ca','P.O. Box 335, 8357 Enim Ave','STAFF','144512','2022-01-20',NULL,NULL),(347,'Tamara','Barker','3377510','mauris@outlook.com','Ap #159-7156 Eu Road','STAFF','131118','2022-01-20',NULL,NULL),(348,'Dustin','Bean','8062221','eu@aol.com','Ap #802-5573 Vestibulum Rd.','STAFF','105071','2022-01-20',NULL,NULL),(349,'Amber','Salas','8354223','nam@icloud.com','Ap #348-8794 Morbi Road','STAFF','190914','2022-01-20',NULL,NULL),(350,'Sydnee','Cameron','5868174','aliquam.nisl@outlook.org','436-6908 Mattis. Street','STAFF','144044','2022-01-20',NULL,NULL),(351,'Prescott','Leonard','4072866','sapien.nunc@yahoo.org','Ap #196-8804 Ante Road','STAFF','128805','2022-01-20',NULL,NULL),(352,'Vielka','Gill','8382160','eu.erat@protonmail.couk','478-6909 Nunc Ave','STAFF','114712','2022-01-20',NULL,NULL),(353,'Marshall','Koch','6818825','laoreet@icloud.ca','Ap #908-8115 Erat. Avenue','STAFF','144743','2022-01-20',NULL,NULL),(354,'Kimberley','Harding','4720870','non.massa@outlook.com','840-7015 Lacus. Rd.','STAFF','122537','2022-01-20',NULL,NULL),(355,'Alan','Bruce','3355864','vulputate.posuere.vulputate@google.ca','Ap #939-8733 Neque Avenue','STAFF','166186','2022-01-20',NULL,NULL),(356,'McKenzie','Shannon','7817739','dui.augue.eu@outlook.couk','117-418 Praesent St.','STAFF','124533','2022-01-20',NULL,NULL),(357,'Brielle','Vaughan','8735006','vestibulum.accumsan.neque@hotmail.net','704-7532 Sit Street','STAFF','175549','2022-01-20',NULL,NULL),(358,'Hedda','Stein','8907321','non.sapien@outlook.net','4411 Neque. Rd.','STAFF','186186','2022-01-20',NULL,NULL),(359,'Moses','Hopkins','6576143','diam@icloud.couk','668-7024 Eu Road','STAFF','101501','2022-01-20',NULL,NULL),(360,'Kevyn','Black','5897124','quisque.imperdiet@yahoo.net','Ap #856-4836 Pharetra. Street','STAFF','123651','2022-01-20',NULL,NULL),(361,'Celeste','Stewart','8514624','iaculis@protonmail.com','Ap #907-9167 Mus. St.','STAFF','183284','2022-01-20',NULL,NULL),(362,'Cruz','Huff','5624414','dictum.phasellus.in@google.com','226-9439 Sodales Road','STAFF','143533','2022-01-20',NULL,NULL),(363,'Darius','Perkins','3622296','sed.nunc@yahoo.org','345-9714 Rutrum Rd.','STAFF','137994','2022-01-20',NULL,NULL),(364,'Kimberly','Reese','5167939','lorem.ipsum.sodales@outlook.ca','990-2145 Risus Av.','STAFF','153774','2022-01-20',NULL,NULL),(365,'Martena','Mathis','2136248','id.enim@google.com','P.O. Box 293, 1493 Netus Ave','STAFF','196766','2022-01-20',NULL,NULL),(366,'Timothy','Burke','6337869','pretium.neque.morbi@yahoo.org','P.O. Box 160, 9157 Donec Avenue','STAFF','188199','2022-01-20',NULL,NULL),(367,'Isaiah','Schmidt','4896867','est.ac@hotmail.com','998-1012 Dapibus St.','STAFF','145525','2022-01-20',NULL,NULL),(368,'Clinton','Chase','4431076','libero.at@google.ca','Ap #325-8390 Aliquet Road','STAFF','109510','2022-01-20',NULL,NULL),(369,'Kerry','Pugh','8879423','mattis.ornare.lectus@icloud.edu','Ap #700-5570 Semper St.','STAFF','189912','2022-01-20',NULL,NULL),(370,'Alyssa','Mckinney','4530928','sit.amet@hotmail.ca','473-2988 Augue Rd.','STAFF','117760','2022-01-20',NULL,NULL),(371,'Talon','Hamilton','7583264','eu.odio@google.org','Ap #704-781 Convallis Ave','STAFF','117244','2022-01-20',NULL,NULL),(372,'Kylie','Lyons','3737266','ullamcorper.duis@google.com','Ap #791-5008 Cum St.','STAFF','193710','2022-01-20',NULL,NULL),(373,'Jack','Diaz','2833934','enim.mauris@outlook.org','524-4396 Ac Road','STAFF','145161','2022-01-20',NULL,NULL),(374,'Emerald','Reese','5164712','malesuada.vel@outlook.couk','Ap #189-9811 Cursus, St.','STAFF','110139','2022-01-20',NULL,NULL),(375,'Bruno','rtega','7316124','phasellus.dolor@yahoo.edu','3646 Etiam St.','STAFF','107051','2022-01-20',NULL,NULL),(376,'Xenos','Price','3359683','fermentum.risus.at@yahoo.edu','1522 Diam. Av.','STAFF','180751','2022-01-20',NULL,NULL),(377,'Gisela','Larsen','3983463','donec.est@outlook.net','Ap #353-3178 Etiam Av.','STAFF','104830','2022-01-20',NULL,NULL),(378,'Hu','Mann','8664537','nec.luctus.felis@aol.net','5712 Lacus Avenue','STAFF','118199','2022-01-20',NULL,NULL),(379,'Guy','Hudson','2618464','phasellus.vitae@icloud.net','P.O. Box 204, 3683 Vivamus Rd.','STAFF','129088','2022-01-20',NULL,NULL),(380,'Palmer','donnell','3645095','magna@yahoo.com','1332 Mauris St.','STAFF','129678','2022-01-20',NULL,NULL),(381,'Cailin','Singleton','2341291','nunc.nulla.vulputate@hotmail.ca','994-2968 Velit. Av.','STAFF','184396','2022-01-20',NULL,NULL),(382,'Giacomo','House','7898246','amet.faucibus.ut@yahoo.com','856-1271 Vel Rd.','STAFF','174675','2022-01-20',NULL,NULL),(383,'Meghan','Parsons','1925726','gravida@hotmail.com','Ap #434-6954 Lobortis. St.','STAFF','111312','2022-01-20',NULL,NULL),(384,'Bevis','Griffith','8569067','gravida.molestie@hotmail.couk','737-1567 Enim. Av.','STAFF','183608','2022-01-20',NULL,NULL),(385,'Tatum','May','7368469','a.odio@protonmail.net','842-9106 Risus. Av.','STAFF','176142','2022-01-20',NULL,NULL),(386,'Basia','Casey','8571132','elit.a@protonmail.ca','Ap #963-6386 Libero. Av.','STAFF','125499','2022-01-20',NULL,NULL),(387,'Kessie','Clark','4846537','sagittis@aol.com','7142 Iaculis Rd.','STAFF','109153','2022-01-20',NULL,NULL),(389,'Yetta','Koch','3578905','ipsum.porta@aol.edu','P.O. Box 896, 3283 Ornare Ave','STAFF','169684','2022-01-20',NULL,NULL),(390,'Michael','Duncan','7283156','mauris.sagittis.placerat@protonmail.couk','996-6193 Luctus Street','STAFF','153000','2022-01-20',NULL,NULL),(391,'Kylee','Gill','4941384','gravida.mauris@aol.couk','Ap #389-7007 Mauris St.','STAFF','197648','2022-01-20',NULL,NULL),(392,'Ezra','Drake','2967324','donec.luctus.aliquet@hotmail.ca','Ap #378-2359 Montes, Avenue','STAFF','147044','2022-01-20',NULL,NULL),(393,'scar','Davenport','7024726','sed.eget.lacus@hotmail.net','P.O. Box 272, 175 Parturient Rd.','STAFF','161127','2022-01-20',NULL,NULL),(394,'Linda','Jacobs','1381333','pellentesque.massa@aol.edu','Ap #794-1842 Ornare Road','STAFF','156008','2022-01-20',NULL,NULL),(395,'Kareem','Kline','5813254','sagittis@google.edu','P.O. Box 281, 2069 A, Rd.','STAFF','150484','2022-01-20',NULL,NULL),(396,'Buffy','Colon','3026150','sapien.cras.dolor@protonmail.net','6760 Egestas. Av.','STAFF','133168','2022-01-20',NULL,NULL),(397,'Francesca','Lynn','3479172','in@protonmail.net','Ap #244-6069 Est. Avenue','STAFF','180958','2022-01-20',NULL,NULL),(398,'Dolan','Glenn','6886887','a.scelerisque@google.couk','6098 Dolor Street','STAFF','180532','2022-01-20',NULL,NULL),(399,'Carter','Gay','2501515','quisque.ac@icloud.org','P.O. Box 622, 3653 Luctus Street','STAFF','147219','2022-01-20',NULL,NULL),(400,'Kermit','Rodriguez','7705602','ante.bibendum@icloud.org','Ap #828-6472 In Street','STAFF','171880','2022-01-20',NULL,NULL),(401,'Lana','Tyler','6458577','nunc.lectus@hotmail.org','544-4533 Augue, St.','STAFF','106287','2022-01-20',NULL,NULL),(402,'Shana','Shannon','4933373','aliquam@aol.ca','P.O. Box 996, 2809 Tincidunt Rd.','STAFF','153640','2022-01-20',NULL,NULL),(403,'Shay','Boone','8646692','nisi.sem@icloud.edu','P.O. Box 691, 6355 Placerat. Avenue','STAFF','175408','2022-01-20',NULL,NULL),(404,'Jonas','Parrish','3458559','posuere.enim@hotmail.net','115-6323 Eros Road','STAFF','173861','2022-01-20',NULL,NULL),(405,'Pamela','Head','8082814','mi.ac@google.net','Ap #340-8323 Lobortis Road','STAFF','118821','2022-01-20',NULL,NULL),(406,'Joelle','Avery','4756473','malesuada.augue@outlook.ca','164-2088 Et Rd.','STAFF','167982','2022-01-20',NULL,NULL),(407,'Grace','Travis','4720419','felis@hotmail.org','Ap #419-1492 Vel Avenue','STAFF','153527','2022-01-20',NULL,NULL),(408,'Ishmael','Cameron','9676499','lorem.luctus.ut@icloud.couk','743-2825 Nisl Rd.','STAFF','116499','2022-01-20',NULL,NULL),(409,'Wylie','Nieves','8787998','phasellus@aol.couk','Ap #626-3336 Mi Avenue','STAFF','156259','2022-01-20',NULL,NULL),(410,'Miriam','Wynn','3826021','nec@aol.edu','1987 Sem Road','STAFF','181855','2022-01-20',NULL,NULL),(411,'Violet','Lambert','3747245','consequat.lectus@yahoo.couk','832-1521 Vitae Avenue','STAFF','124271','2022-01-20',NULL,NULL),(412,'Noah','Stein','9543539','enim@google.org','Ap #962-7039 Sodales St.','STAFF','196620','2022-01-20',NULL,NULL),(413,'Joy','Newton','7533344','viverra.donec@outlook.couk','Ap #145-4994 Ridiculus Ave','STAFF','144759','2022-01-20',NULL,NULL),(414,'Raphael','Sosa','3116690','at@protonmail.couk','Ap #356-4353 Elementum, Rd.','STAFF','137072','2022-01-20',NULL,NULL),(415,'Simone','Mercado','4138845','dolor.sit.amet@hotmail.com','P.O. Box 482, 7900 Sed Av.','STAFF','167182','2022-01-20',NULL,NULL),(416,'Zorita','Schultz','1190145','vel.pede@google.org','4709 Gravida. Rd.','STAFF','146842','2022-01-20',NULL,NULL),(417,'Leandra','Aguilar','9066117','turpis@aol.ca','8728 Interdum Av.','STAFF','169112','2022-01-20',NULL,NULL),(418,'Shellie','Moss','3121736','bibendum@aol.ca','P.O. Box 507, 413 Suspendisse Ave','STAFF','127893','2022-01-20',NULL,NULL),(419,'Timothy','Kelley','1545712','venenatis@icloud.org','P.O. Box 956, 2569 Enim Av.','STAFF','132416','2022-01-20',NULL,NULL),(420,'Merrill','Pate','7113521','eu.elit@icloud.ca','P.O. Box 829, 2945 Felis Road','STAFF','139786','2022-01-20',NULL,NULL),(421,'Ivory','Dodson','4622366','tellus.sem.mollis@aol.org','9152 Et, Avenue','STAFF','165160','2022-01-20',NULL,NULL),(422,'Forrest','Horn','8805616','aenean.euismod.mauris@hotmail.ca','776 Ultricies Ave','STAFF','130609','2022-01-20',NULL,NULL),(423,'Martin','Dudley','5166314','nisi.cum@aol.net','Ap #161-8561 Amet, St.','STAFF','161167','2022-01-20',NULL,NULL),(424,'Jenna','Hawkins','7881726','ipsum@google.edu','396-2508 In St.','STAFF','136497','2022-01-20',NULL,NULL),(425,'Blaze','Horne','8693319','sapien.aenean@google.couk','Ap #275-1493 Ligula St.','STAFF','199253','2022-01-20',NULL,NULL),(426,'Hayes','Lee','6310227','cursus@icloud.com','P.O. Box 301, 4884 Dolor, Rd.','STAFF','130457','2022-01-20',NULL,NULL),(427,'Jescie','Robbins','4157758','egestas@yahoo.com','Ap #764-6040 Egestas Avenue','STAFF','190606','2022-01-20',NULL,NULL),(428,'Barclay','Fischer','4501722','velit.quisque@protonmail.org','620-8908 Lectus. Rd.','STAFF','107907','2022-01-20',NULL,NULL),(429,'Gray','Frazier','6232816','nunc.ac.mattis@icloud.com','Ap #736-7843 Fringilla Avenue','STAFF','183649','2022-01-20',NULL,NULL),(430,'Coby','Spence','3376118','torquent@google.org','Ap #759-2717 Sed St.','STAFF','143814','2022-01-20',NULL,NULL),(431,'Haviva','Puckett','1375370','ultricies.sem@hotmail.org','P.O. Box 199, 8053 Ut St.','STAFF','187366','2022-01-20',NULL,NULL),(432,'Whoopi','Wilder','5084801','arcu.aliquam.ultrices@aol.net','888-7535 Vivamus Av.','STAFF','148541','2022-01-20',NULL,NULL),(433,'Veda','Moses','2476658','tincidunt@hotmail.ca','264-7758 Sit St.','STAFF','162005','2022-01-20',NULL,NULL),(434,'Kane','Mcfarland','3841464','eleifend.non@icloud.net','Ap #258-1325 Gravida. Av.','STAFF','195607','2022-01-20',NULL,NULL),(435,'Alana','Waters','8164851','non.ante@aol.couk','P.O. Box 467, 5083 Quisque Ave','STAFF','134216','2022-01-20',NULL,NULL),(436,'Dillon','Lindsey','8865732','eget@outlook.net','593-1741 Enim. St.','STAFF','143299','2022-01-20',NULL,NULL),(437,'Breanna','Townsend','2417244','vehicula.et@protonmail.edu','Ap #607-5649 Consectetuer St.','STAFF','169933','2022-01-20',NULL,NULL),(438,'Christian','Peters','4045663','non.justo.proin@protonmail.ca','954-7457 Lorem Ave','STAFF','177060','2022-01-20',NULL,NULL),(439,'Eagan','Bullock','4054218','a.scelerisque.sed@google.net','199-3470 Nonummy Rd.','STAFF','151775','2022-01-20',NULL,NULL),(440,'Joel','Hood','3751384','cursus@protonmail.com','Ap #136-5796 Lacinia Av.','STAFF','199854','2022-01-20',NULL,NULL),(441,'Emerald','Richmond','4336744','posuere.vulputate@hotmail.net','9886 Nulla St.','STAFF','140294','2022-01-20',NULL,NULL),(442,'Quail','Baxter','2363635','fermentum.metus@yahoo.com','8643 A, St.','STAFF','141464','2022-01-20',NULL,NULL),(443,'Paul','Knowles','7585613','phasellus.at@yahoo.com','Ap #872-2079 Pede. Rd.','STAFF','199846','2022-01-20',NULL,NULL),(444,'Regina','Reyes','4833229','risus@outlook.org','Ap #708-4364 In, St.','STAFF','162230','2022-01-20',NULL,NULL),(445,'Micah','Holmes','7825184','quis.arcu@outlook.couk','Ap #487-9104 Nulla. Rd.','STAFF','191697','2022-01-20',NULL,NULL),(446,'Igor','Lynn','9723113','egestas.hendrerit@outlook.org','253-9525 Eget St.','STAFF','135239','2022-01-20',NULL,NULL),(447,'Solomon','Collier','5378443','dolor.donec@protonmail.com','P.O. Box 208, 468 Auctor. St.','STAFF','187175','2022-01-20',NULL,NULL),(448,'Jakeem','George','8378114','semper.erat@google.com','795-8199 Aliquam St.','STAFF','167171','2022-01-20',NULL,NULL),(449,'Sade','Duke','2298057','praesent@protonmail.org','Ap #529-3242 Amet Av.','STAFF','121276','2022-01-20',NULL,NULL),(450,'Devin','Wyatt','4385021','ac.urna@outlook.com','P.O. Box 382, 2262 Mauris St.','STAFF','103749','2022-01-20',NULL,NULL),(451,'Ronan','Carlson','4748361','vivamus.nibh@yahoo.edu','261 Vulputate, Av.','STAFF','173614','2022-01-20',NULL,NULL),(452,'Alec','Tucker','3646781','nec@google.org','6336 Libero Rd.','STAFF','169887','2022-01-20',NULL,NULL),(453,'Raymond','rr','8043682','purus@yahoo.net','6662 Lobortis Rd.','STAFF','175243','2022-01-20',NULL,NULL),(454,'Dana','Valencia','1272553','nibh.donec.est@google.net','2067 In St.','STAFF','102028','2022-01-20',NULL,NULL),(455,'Ciaran','Murray','8566857','maecenas.mi@icloud.ca','Ap #263-4272 Tristique Rd.','STAFF','145252','2022-01-20',NULL,NULL),(456,'Perry','Bright','7426738','nam.interdum@yahoo.com','P.O. Box 842, 2677 Velit St.','STAFF','132500','2022-01-20',NULL,NULL),(457,'Axel','Cochran','4763343','eu.sem@google.com','925-7414 Risus Street','STAFF','199257','2022-01-20',NULL,NULL),(458,'Virginia','Glass','8674361','felis@google.edu','Ap #141-5069 Duis St.','STAFF','104937','2022-01-20',NULL,NULL),(459,'Colby','Barnett','6731946','donec.feugiat@aol.ca','417-755 Donec St.','STAFF','198519','2022-01-20',NULL,NULL),(460,'Whitney','Roy','5330572','egestas@protonmail.edu','P.O. Box 458, 5464 Gravida Rd.','STAFF','110817','2022-01-20',NULL,NULL),(461,'Fatima','Anderson','2667028','ac.turpis@hotmail.net','390-961 Enim Rd.','STAFF','107939','2022-01-20',NULL,NULL),(462,'Michelle','Pugh','2176423','amet.risus.donec@protonmail.com','1370 Felis. Street','STAFF','178090','2022-01-20',NULL,NULL),(463,'Fulton','rr','3325979','duis.ac.arcu@google.ca','7143 Ipsum Street','STAFF','125243','2022-01-20',NULL,NULL),(464,'Warren','Estrada','9716436','non.sapien@aol.net','7883 Aliquam, Rd.','STAFF','178581','2022-01-20',NULL,NULL),(465,'Barry','Kline','3071111','a.magna@hotmail.couk','Ap #370-7409 Imperdiet Avenue','STAFF','146850','2022-01-20',NULL,NULL),(466,'Fritz','Rivers','3566742','accumsan.laoreet.ipsum@aol.net','9163 Scelerisque Ave','STAFF','100046','2022-01-20',NULL,NULL),(467,'Courtney','Leon','7328778','sociis.natoque.penatibus@hotmail.edu','765-5722 Sem, Av.','STAFF','176927','2022-01-20',NULL,NULL),(468,'Graiden','Pratt','2755441','sociis@google.edu','P.O. Box 724, 5952 Luctus Rd.','STAFF','188655','2022-01-20',NULL,NULL),(469,'Bert','Grant','3575503','pretium.aliquet@icloud.couk','P.O. Box 920, 9327 Consequat Rd.','STAFF','156981','2022-01-20',NULL,NULL),(470,'Roth','Mathews','5125362','velit.pellentesque@outlook.net','P.O. Box 978, 1142 Proin Rd.','STAFF','141834','2022-01-20',NULL,NULL),(471,'Jael','Hodges','8321122','suscipit.est@aol.ca','Ap #601-4090 Malesuada Road','STAFF','172036','2022-01-20',NULL,NULL),(472,'Hiram','Delacruz','2385888','proin.nisl@aol.net','Ap #267-6532 Dolor St.','STAFF','113187','2022-01-20',NULL,NULL),(473,'Simon','Quinn','6074605','bibendum.fermentum@google.net','5561 Nunc Rd.','STAFF','194767','2022-01-20',NULL,NULL),(474,'scar','Hansen','8522671','mus.aenean@protonmail.couk','P.O. Box 729, 8899 Nulla St.','STAFF','152040','2022-01-20',NULL,NULL),(475,'Hanae','Howell','6235646','donec.tincidunt@icloud.ca','Ap #215-6507 Duis Road','STAFF','195456','2022-01-20',NULL,NULL),(476,'Donovan','Noble','3503666','metus.eu.erat@outlook.edu','7730 Aliquam, Rd.','STAFF','131870','2022-01-20',NULL,NULL),(477,'Nelle','Moran','9226535','lacinia@outlook.com','463-2655 Magna. Avenue','STAFF','182053','2022-01-20',NULL,NULL),(478,'Tanek','Frazier','3168751','lacinia.orci.consectetuer@hotmail.org','994-6610 Sed Rd.','STAFF','126795','2022-01-20',NULL,NULL),(479,'Hyatt','neal','7385444','lacus.ut.nec@hotmail.net','2906 Est Av.','STAFF','164170','2022-01-20',NULL,NULL),(480,'Lacy','Estrada','2703261','ac.nulla@icloud.com','Ap #149-7988 Iaculis Rd.','STAFF','126261','2022-01-20',NULL,NULL),(481,'Akeem','Shannon','9211851','pellentesque.tincidunt@protonmail.couk','Ap #745-7960 Urna St.','STAFF','113391','2022-01-20',NULL,NULL),(482,'Amber','Green','7832719','ac@hotmail.couk','520-8958 Nec, Av.','STAFF','108577','2022-01-20',NULL,NULL),(483,'Marny','Hoffman','5223853','amet.ultricies.sem@icloud.couk','P.O. Box 303, 9561 In Rd.','STAFF','149418','2022-01-20',NULL,NULL),(484,'Emmanuel','Ramirez','6385412','duis@outlook.couk','573 Dui St.','STAFF','127685','2022-01-20',NULL,NULL),(485,'Igor','Jackson','8221356','turpis.in@protonmail.net','Ap #718-1815 Risus. Rd.','STAFF','171114','2022-01-20',NULL,NULL),(486,'George','Good','1489173','proin.nisl.sem@aol.ca','2698 Elit. St.','STAFF','145436','2022-01-20',NULL,NULL),(487,'Azalia','Glover','5717222','at.risus@google.net','P.O. Box 455, 6530 Morbi Rd.','STAFF','152758','2022-01-20',NULL,NULL),(488,'Maxine','Kelley','3146396','aliquet.magna.a@aol.org','201-3721 Bibendum Ave','STAFF','104292','2022-01-20',NULL,NULL),(489,'Natalie','Rios','7485358','urna@yahoo.com','6016 Libero Ave','STAFF','175320','2022-01-20',NULL,NULL),(490,'Quynn','Martin','6336116','ut.dolor@aol.org','140-2835 Et, Ave','STAFF','173536','2022-01-20',NULL,NULL),(491,'Willow','Summers','3218120','ornare@outlook.com','877-2827 Vivamus Road','STAFF','194874','2022-01-20',NULL,NULL),(492,'Kareem','Vega','6885747','pulvinar.arcu@outlook.couk','Ap #349-9010 Tincidunt Avenue','STAFF','187291','2022-01-20',NULL,NULL),(493,'Anne','Long','3626122','pede@icloud.org','563-6062 Et Road','STAFF','179003','2022-01-20',NULL,NULL),(494,'Aidan','Walls','5683082','enim.consequat@yahoo.ca','Ap #737-6397 Dictum Rd.','STAFF','186053','2022-01-20',NULL,NULL),(495,'Echo','Callahan','5271716','nulla.vulputate@google.org','P.O. Box 379, 7642 Sit Ave','STAFF','128634','2022-01-20',NULL,NULL),(496,'Ginger','Gilliam','6041426','integer.sem@protonmail.ca','Ap #624-1972 Tellus. Rd.','STAFF','174832','2022-01-20',NULL,NULL),(497,'Mona','Rose','7500041','nec@icloud.net','6257 Risus Rd.','STAFF','178728','2022-01-20',NULL,NULL),(498,'Patience','Allen','5724130','dis.parturient.montes@hotmail.com','Ap #419-2070 Est, St.','STAFF','116492','2022-01-20',NULL,NULL),(499,'Gail','Villarreal','8071946','velit@protonmail.couk','653-4618 Fusce St.','STAFF','140479','2022-01-20',NULL,NULL),(501,'David','Henry','1337777','test@email.com','Somewhere in guyana','Intern','123981723981273',NULL,NULL,'admin'),(503,'Anna','Smith','123456','anna@google.com','Somewhere in the country','Intern','12313123131312312313123',NULL,NULL,'admin'),(504,'David','Henry','1234','D@G.COM','1231323','Senior Executive Assistant','123123123',NULL,NULL,'admin'),(505,'David','Henry','12345','D@A.COM','123123','Executive Assistant','1231231','2022-01-24',NULL,'admin');
/*!40000 ALTER TABLE `employees` ENABLE KEYS */;
UNLOCK TABLES;
/*!50003 SET @saved_cs_client      = @@character_set_client */ ;
/*!50003 SET @saved_cs_results     = @@character_set_results */ ;
/*!50003 SET @saved_col_connection = @@collation_connection */ ;
/*!50003 SET character_set_client  = utf8mb4 */ ;
/*!50003 SET character_set_results = utf8mb4 */ ;
/*!50003 SET collation_connection  = utf8mb4_0900_ai_ci */ ;
/*!50003 SET @saved_sql_mode       = @@sql_mode */ ;
/*!50003 SET sql_mode              = 'STRICT_TRANS_TABLES,NO_ENGINE_SUBSTITUTION' */ ;
DELIMITER ;;
/*!50003 CREATE*/ /*!50017 DEFINER=`root`@`localhost`*/ /*!50003 TRIGGER `EMPLOYEE_INSERT` BEFORE INSERT ON `employees` FOR EACH ROW SET NEW.EMPLOYEE_HIRED_DATE = CURDATE() */;;
DELIMITER ;
/*!50003 SET sql_mode              = @saved_sql_mode */ ;
/*!50003 SET character_set_client  = @saved_cs_client */ ;
/*!50003 SET character_set_results = @saved_cs_results */ ;
/*!50003 SET collation_connection  = @saved_col_connection */ ;

--
-- Table structure for table `inventory`
--

DROP TABLE IF EXISTS `inventory`;
/*!40101 SET @saved_cs_client     = @@character_set_client */;
/*!50503 SET character_set_client = utf8mb4 */;
CREATE TABLE `inventory` (
  `device_id` int NOT NULL AUTO_INCREMENT,
  `device_name` varchar(45) DEFAULT NULL,
  `device_serial_number` varchar(45) DEFAULT NULL,
  `device_description` text,
  `supplier_id` int DEFAULT NULL,
  PRIMARY KEY (`device_id`),
  KEY `supplier_id` (`supplier_id`),
  CONSTRAINT `inventory_ibfk_3` FOREIGN KEY (`supplier_id`) REFERENCES `suppliers` (`supplier_id`) ON DELETE SET NULL ON UPDATE SET NULL
) ENGINE=InnoDB AUTO_INCREMENT=101 DEFAULT CHARSET=utf8mb4 COLLATE=utf8mb4_0900_ai_ci;
/*!40101 SET character_set_client = @saved_cs_client */;

--
-- Dumping data for table `inventory`
--

LOCK TABLES `inventory` WRITE;
/*!40000 ALTER TABLE `inventory` DISABLE KEYS */;
INSERT INTO `inventory` VALUES (48,'Modem','237239','mauris ipsum porta elit,',15),(49,'Modem','281455','erat, eget tincidunt dui',17),(50,'Router','184646','gravida molestie arcu. Sed',18),(51,'Router','117834','orci. Donec nibh. Quisque',20),(52,'Router','152452','vitae odio sagittis semper.',19),(53,'Modem','109372','Nam consequat dolor vitae',16),(54,'Modem','172511','tellus. Suspendisse sed dolor.',20),(55,'Router','242532','egestas. Fusce aliquet magna',16),(56,'Modem','171750','ac facilisis facilisis, magna',22),(57,'Modem','282895','Duis cursus, diam at',16),(58,'Modem','275431','tellus sem mollis dui,',15),(59,'Router','141017','Donec feugiat metus sit',22),(60,'Router','227192','Phasellus fermentum convallis ligula.',21),(61,'Modem','149795','Quisque libero lacus, varius',14),(62,'Modem','183270','tortor. Integer aliquam adipiscing',20),(63,'Modem','204136','aliquet, metus urna convallis',20),(64,'Router','256361','malesuada vel, convallis in,',14),(65,'Router','203718','purus. Duis elementum, dui',15),(66,'Modem','119802','risus quis diam luctus',20),(67,'Router','231242','amet luctus vulputate, nisi',15),(68,'Modem','105471','pede nec ante blandit',15),(69,'Modem','122027','egestas rhoncus. Proin nisl',19),(70,'Modem','250093','ultrices. Vivamus rhoncus. Donec',22),(71,'Router','229890','sodales nisi magna sed',21),(72,'Router','268592','dignissim tempor arcu. Vestibulum',18),(73,'Modem','258464','conubia nostra, per inceptos',17),(74,'Router','114370','lectus justo eu arcu.',21),(75,'Router','238996','fringilla euismod enim. Etiam',16),(76,'Modem','273989','Duis a mi fringilla',14),(77,'Modem','179633','eu, accumsan sed, facilisis',17),(78,'Modem','210687','neque. Nullam nisl. Maecenas',15),(79,'Router','227347','eget metus eu erat',15),(80,'Modem','260218','Curabitur ut odio vel',17),(81,'Modem','193013','tincidunt tempus risus. Donec',16),(82,'Modem','192673','ornare. In faucibus. Morbi',16),(83,'Modem','189569','auctor, nunc nulla vulputate',15),(84,'Router','164736','mi eleifend egestas. Sed',21),(85,'Router','182671','tincidunt, neque vitae semper',17),(86,'Router','222459','iaculis quis, pede. Praesent',15),(87,'Modem','100593','pede, malesuada vel, venenatis',16),(88,'Modem','246876','urna, nec luctus felis',19),(89,'Router','103847','neque pellentesque massa lobortis',16),(90,'Modem','247766','urna justo faucibus lectus,',19),(91,'Router','250679','non magna. Nam ligula',20),(92,'Router','134253','lorem, sit amet ultricies',16),(93,'Router','103544','Cras eget nisi dictum',15),(94,'Modem','212769','quis, pede. Praesent eu',20),(95,'Modem','114541','suscipit, est ac facilisis',19),(96,'Modem','138319','tincidunt nibh. Phasellus nulla.',17),(97,'Router','158698','tincidunt. Donec vitae erat',14),(98,'Antenna','123123','123123',2),(99,'Modem','asdasd','asdasd',2),(100,'Switch','12312','12312312',2);
/*!40000 ALTER TABLE `inventory` ENABLE KEYS */;
UNLOCK TABLES;

--
-- Table structure for table `orders`
--

DROP TABLE IF EXISTS `orders`;
/*!40101 SET @saved_cs_client     = @@character_set_client */;
/*!50503 SET character_set_client = utf8mb4 */;
CREATE TABLE `orders` (
  `order_id` int NOT NULL AUTO_INCREMENT,
  `order_customer_id` int NOT NULL,
  `order_quotation` varchar(45) NOT NULL,
  PRIMARY KEY (`order_id`),
  KEY `order_customer_id` (`order_customer_id`),
  CONSTRAINT `orders_ibfk_2` FOREIGN KEY (`order_customer_id`) REFERENCES `customers` (`customer_id`) ON DELETE CASCADE
) ENGINE=InnoDB AUTO_INCREMENT=7 DEFAULT CHARSET=utf8mb4 COLLATE=utf8mb4_0900_ai_ci;
/*!40101 SET character_set_client = @saved_cs_client */;

--
-- Dumping data for table `orders`
--

LOCK TABLES `orders` WRITE;
/*!40000 ALTER TABLE `orders` DISABLE KEYS */;
INSERT INTO `orders` VALUES (3,12,'$22.00'),(4,501,'$30,000.00'),(6,506,'$1,231,231.00');
/*!40000 ALTER TABLE `orders` ENABLE KEYS */;
UNLOCK TABLES;

--
-- Table structure for table `plans`
--

DROP TABLE IF EXISTS `plans`;
/*!40101 SET @saved_cs_client     = @@character_set_client */;
/*!50503 SET character_set_client = utf8mb4 */;
CREATE TABLE `plans` (
  `plan_id` int NOT NULL AUTO_INCREMENT,
  `plan_name` varchar(45) NOT NULL,
  `plan_burst_speed` varchar(45) NOT NULL,
  `plan_upload_speed` varchar(45) NOT NULL,
  `plan_download_speed` varchar(45) NOT NULL,
  `plan_cost` varchar(45) NOT NULL,
  PRIMARY KEY (`plan_id`)
) ENGINE=InnoDB AUTO_INCREMENT=6 DEFAULT CHARSET=utf8mb4 COLLATE=utf8mb4_0900_ai_ci;
/*!40101 SET character_set_client = @saved_cs_client */;

--
-- Dumping data for table `plans`
--

LOCK TABLES `plans` WRITE;
/*!40000 ALTER TABLE `plans` DISABLE KEYS */;
INSERT INTO `plans` VALUES (5,'Amazing','99999999999999GB/S','99999999999999GB/S','99999999999999GB/S','$10,000,000.00');
/*!40000 ALTER TABLE `plans` ENABLE KEYS */;
UNLOCK TABLES;

--
-- Table structure for table `suppliers`
--

DROP TABLE IF EXISTS `suppliers`;
/*!40101 SET @saved_cs_client     = @@character_set_client */;
/*!50503 SET character_set_client = utf8mb4 */;
CREATE TABLE `suppliers` (
  `supplier_id` int NOT NULL AUTO_INCREMENT,
  `supplier_name` varchar(45) NOT NULL,
  `supplier_address` varchar(45) NOT NULL,
  `supplier_email` varchar(45) NOT NULL,
  `supplier_telephone` varchar(45) NOT NULL,
  PRIMARY KEY (`supplier_id`)
) ENGINE=InnoDB AUTO_INCREMENT=24 DEFAULT CHARSET=utf8mb4 COLLATE=utf8mb4_0900_ai_ci;
/*!40101 SET character_set_client = @saved_cs_client */;

--
-- Dumping data for table `suppliers`
--

LOCK TABLES `suppliers` WRITE;
/*!40000 ALTER TABLE `suppliers` DISABLE KEYS */;
INSERT INTO `suppliers` VALUES (1,'Cisco','170 west tasman drive san jose','web- help@cisco.com','4085264000'),(2,'Dellelelelele','Somewhere','dell@dell.com','2012929121'),(14,'Realpoint','2196 badeau circle','brising1@wikispaces.com','5829926144'),(15,'Eidel','997 Cambridge Pass','wummfrey2@cnbc.com','119-457-7641'),(16,'Rhyloo','6056 Scott Center','iburry3@networkadvertising.org','473-897-3270'),(17,'Jatri','3 Springs Lane','hmace4@patch.com','176-111-6624'),(18,'Shuffledrive','88 Dayton Plaza','rdelgardo5@macromedia.com','696-699-7692'),(19,'Omba','3 Boyd Drive','ecoste6@ox.ac.uk','838-796-8782'),(20,'Meembee','00265 Summer Ridge Pass','jnicholes7@printfriendly.com','968-194-0866'),(21,'Zoomdog','5 Mendota Parkway','cvalero8@blogger.com','703-978-3680'),(22,'Flipopia','630 Vernon Drive','dsevitt9@creativecommons.org','592-148-3370'),(23,'Me','Test address','test@email.com','1111111');
/*!40000 ALTER TABLE `suppliers` ENABLE KEYS */;
UNLOCK TABLES;

--
-- Temporary view structure for view `user_details`
--

DROP TABLE IF EXISTS `user_details`;
/*!50001 DROP VIEW IF EXISTS `user_details`*/;
SET @saved_cs_client     = @@character_set_client;
/*!50503 SET character_set_client = utf8mb4 */;
/*!50001 CREATE VIEW `user_details` AS SELECT 
 1 AS `USER_ID`,
 1 AS `USERNAME`,
 1 AS `ACCESS_LEVEL`,
 1 AS `EMPLOYEE_FIRST_NAME`,
 1 AS `EMPLOYEE_LAST_NAME`*/;
SET character_set_client = @saved_cs_client;

--
-- Table structure for table `users`
--

DROP TABLE IF EXISTS `users`;
/*!40101 SET @saved_cs_client     = @@character_set_client */;
/*!50503 SET character_set_client = utf8mb4 */;
CREATE TABLE `users` (
  `user_id` int NOT NULL AUTO_INCREMENT,
  `user_employee_id` int DEFAULT NULL,
  `username` varchar(45) NOT NULL,
  `password` blob NOT NULL,
  `access_level` varchar(20) NOT NULL,
  PRIMARY KEY (`user_id`),
  UNIQUE KEY `username` (`username`),
  KEY `users_ibfk_1` (`user_employee_id`),
  CONSTRAINT `users_ibfk_1` FOREIGN KEY (`user_employee_id`) REFERENCES `employees` (`employee_id`) ON DELETE CASCADE ON UPDATE CASCADE
) ENGINE=InnoDB AUTO_INCREMENT=31 DEFAULT CHARSET=utf8mb4 COLLATE=utf8mb4_0900_ai_ci;
/*!40101 SET character_set_client = @saved_cs_client */;

--
-- Dumping data for table `users`
--

LOCK TABLES `users` WRITE;
/*!40000 ALTER TABLE `users` DISABLE KEYS */;
INSERT INTO `users` VALUES (1,NULL,'admin',_binary '+i}}+{\r','admin');
/*!40000 ALTER TABLE `users` ENABLE KEYS */;
UNLOCK TABLES;

--
-- Dumping events for database 'isp'
--

--
-- Dumping routines for database 'isp'
--

--
-- Final view structure for view `customer_details`
--

/*!50001 DROP VIEW IF EXISTS `customer_details`*/;
/*!50001 SET @saved_cs_client          = @@character_set_client */;
/*!50001 SET @saved_cs_results         = @@character_set_results */;
/*!50001 SET @saved_col_connection     = @@collation_connection */;
/*!50001 SET character_set_client      = utf8mb4 */;
/*!50001 SET character_set_results     = utf8mb4 */;
/*!50001 SET collation_connection      = utf8mb4_0900_ai_ci */;
/*!50001 CREATE ALGORITHM=UNDEFINED */
/*!50013 DEFINER=`root`@`localhost` SQL SECURITY DEFINER */
/*!50001 VIEW `customer_details` AS select `customers`.`customer_id` AS `customer_id`,`customers`.`customer_first_name` AS `customer_first_name`,`customers`.`customer_last_name` AS `customer_last_name`,`customers`.`customer_telephone` AS `customer_telephone`,`customers`.`customer_email` AS `customer_email`,`customers`.`customer_address` AS `customer_address`,`plans`.`plan_name` AS `plan_name`,`customers`.`modified_by` AS `modified_by` from (`customers` left join `plans` on((`customers`.`customer_plan` = `plans`.`plan_id`))) */;
/*!50001 SET character_set_client      = @saved_cs_client */;
/*!50001 SET character_set_results     = @saved_cs_results */;
/*!50001 SET collation_connection      = @saved_col_connection */;

--
-- Final view structure for view `customer_invoice`
--

/*!50001 DROP VIEW IF EXISTS `customer_invoice`*/;
/*!50001 SET @saved_cs_client          = @@character_set_client */;
/*!50001 SET @saved_cs_results         = @@character_set_results */;
/*!50001 SET @saved_col_connection     = @@collation_connection */;
/*!50001 SET character_set_client      = utf8mb4 */;
/*!50001 SET character_set_results     = utf8mb4 */;
/*!50001 SET collation_connection      = utf8mb4_0900_ai_ci */;
/*!50001 CREATE ALGORITHM=UNDEFINED */
/*!50013 DEFINER=`root`@`localhost` SQL SECURITY DEFINER */
/*!50001 VIEW `customer_invoice` AS select `orders`.`order_id` AS `ORDER_ID`,`customers`.`customer_first_name` AS `CUSTOMER_FIRST_NAME`,`customers`.`customer_last_name` AS `CUSTOMER_LAST_NAME`,`customers`.`customer_address` AS `CUSTOMER_ADDRESS`,`plans`.`plan_name` AS `PLAN_NAME`,`inventory`.`device_name` AS `DEVICE_NAME`,`inventory`.`device_serial_number` AS `DEVICE_SERIAL_NUMBER`,`orders`.`order_quotation` AS `ORDER_QUOTATION` from ((((`customer_inventory` join `customers` on((`customer_inventory`.`INVENTORY_CUSTOMER_ID` = `customers`.`customer_id`))) join `inventory` on((`customer_inventory`.`INVENTORY_DEVICE_ID` = `inventory`.`device_id`))) join `orders` on((`customer_inventory`.`INVENTORY_ORDER_ID` = `orders`.`order_id`))) left join `plans` on((`customers`.`customer_plan` = `plans`.`plan_id`))) */;
/*!50001 SET character_set_client      = @saved_cs_client */;
/*!50001 SET character_set_results     = @saved_cs_results */;
/*!50001 SET collation_connection      = @saved_col_connection */;

--
-- Final view structure for view `customer_orders`
--

/*!50001 DROP VIEW IF EXISTS `customer_orders`*/;
/*!50001 SET @saved_cs_client          = @@character_set_client */;
/*!50001 SET @saved_cs_results         = @@character_set_results */;
/*!50001 SET @saved_col_connection     = @@collation_connection */;
/*!50001 SET character_set_client      = utf8mb4 */;
/*!50001 SET character_set_results     = utf8mb4 */;
/*!50001 SET collation_connection      = utf8mb4_0900_ai_ci */;
/*!50001 CREATE ALGORITHM=UNDEFINED */
/*!50013 DEFINER=`root`@`localhost` SQL SECURITY DEFINER */
/*!50001 VIEW `customer_orders` AS select `orders`.`order_id` AS `order_id`,`customers`.`customer_first_name` AS `customer_first_name`,`customers`.`customer_last_name` AS `customer_last_name`,`plans`.`plan_name` AS `plan_name`,`plans`.`plan_burst_speed` AS `plan_burst_speed`,`plans`.`plan_cost` AS `plan_cost`,`orders`.`order_quotation` AS `order_quotation` from ((`orders` join `customers` on((`orders`.`order_customer_id` = `customers`.`customer_id`))) left join `plans` on((`customers`.`customer_plan` = `plans`.`plan_id`))) */;
/*!50001 SET character_set_client      = @saved_cs_client */;
/*!50001 SET character_set_results     = @saved_cs_results */;
/*!50001 SET collation_connection      = @saved_col_connection */;

--
-- Final view structure for view `customer_update`
--

/*!50001 DROP VIEW IF EXISTS `customer_update`*/;
/*!50001 SET @saved_cs_client          = @@character_set_client */;
/*!50001 SET @saved_cs_results         = @@character_set_results */;
/*!50001 SET @saved_col_connection     = @@collation_connection */;
/*!50001 SET character_set_client      = utf8mb4 */;
/*!50001 SET character_set_results     = utf8mb4 */;
/*!50001 SET collation_connection      = utf8mb4_0900_ai_ci */;
/*!50001 CREATE ALGORITHM=UNDEFINED */
/*!50013 DEFINER=`root`@`localhost` SQL SECURITY DEFINER */
/*!50001 VIEW `customer_update` AS select `customers`.`customer_id` AS `customer_id`,`customers`.`customer_first_name` AS `customer_first_name`,`customers`.`customer_last_name` AS `customer_last_name`,`customers`.`customer_telephone` AS `customer_telephone`,`customers`.`customer_email` AS `customer_email`,`customers`.`customer_address` AS `customer_address`,`plans`.`plan_id` AS `plan_id` from (`customers` left join `plans` on((`customers`.`customer_plan` = `plans`.`plan_id`))) */;
/*!50001 SET character_set_client      = @saved_cs_client */;
/*!50001 SET character_set_results     = @saved_cs_results */;
/*!50001 SET collation_connection      = @saved_col_connection */;

--
-- Final view structure for view `employee_details`
--

/*!50001 DROP VIEW IF EXISTS `employee_details`*/;
/*!50001 SET @saved_cs_client          = @@character_set_client */;
/*!50001 SET @saved_cs_results         = @@character_set_results */;
/*!50001 SET @saved_col_connection     = @@collation_connection */;
/*!50001 SET character_set_client      = utf8mb4 */;
/*!50001 SET character_set_results     = utf8mb4 */;
/*!50001 SET collation_connection      = utf8mb4_0900_ai_ci */;
/*!50001 CREATE ALGORITHM=UNDEFINED */
/*!50013 DEFINER=`root`@`localhost` SQL SECURITY DEFINER */
/*!50001 VIEW `employee_details` AS select `employees`.`employee_id` AS `employee_id`,`employees`.`employee_first_name` AS `employee_first_name`,`employees`.`employee_last_name` AS `employee_last_name`,`employees`.`employee_telephone` AS `employee_telephone`,`employees`.`employee_email` AS `employee_email`,`employees`.`employee_address` AS `employee_address`,`employees`.`employee_nis` AS `employee_NIS`,`employees`.`employee_designation` AS `employee_designation`,`employees`.`employee_hired_date` AS `employee_hired_date`,`employees`.`modified_by` AS `modified_by` from `employees` */;
/*!50001 SET character_set_client      = @saved_cs_client */;
/*!50001 SET character_set_results     = @saved_cs_results */;
/*!50001 SET collation_connection      = @saved_col_connection */;

--
-- Final view structure for view `user_details`
--

/*!50001 DROP VIEW IF EXISTS `user_details`*/;
/*!50001 SET @saved_cs_client          = @@character_set_client */;
/*!50001 SET @saved_cs_results         = @@character_set_results */;
/*!50001 SET @saved_col_connection     = @@collation_connection */;
/*!50001 SET character_set_client      = utf8mb4 */;
/*!50001 SET character_set_results     = utf8mb4 */;
/*!50001 SET collation_connection      = utf8mb4_0900_ai_ci */;
/*!50001 CREATE ALGORITHM=UNDEFINED */
/*!50013 DEFINER=`root`@`localhost` SQL SECURITY DEFINER */
/*!50001 VIEW `user_details` AS select `users`.`user_id` AS `USER_ID`,`users`.`username` AS `USERNAME`,`users`.`access_level` AS `ACCESS_LEVEL`,`employees`.`employee_first_name` AS `EMPLOYEE_FIRST_NAME`,`employees`.`employee_last_name` AS `EMPLOYEE_LAST_NAME` from (`users` join `employees` on((`users`.`user_employee_id` = `employees`.`employee_id`))) */;
/*!50001 SET character_set_client      = @saved_cs_client */;
/*!50001 SET character_set_results     = @saved_cs_results */;
/*!50001 SET collation_connection      = @saved_col_connection */;
/*!40103 SET TIME_ZONE=@OLD_TIME_ZONE */;

/*!40101 SET SQL_MODE=@OLD_SQL_MODE */;
/*!40014 SET FOREIGN_KEY_CHECKS=@OLD_FOREIGN_KEY_CHECKS */;
/*!40014 SET UNIQUE_CHECKS=@OLD_UNIQUE_CHECKS */;
/*!40101 SET CHARACTER_SET_CLIENT=@OLD_CHARACTER_SET_CLIENT */;
/*!40101 SET CHARACTER_SET_RESULTS=@OLD_CHARACTER_SET_RESULTS */;
/*!40101 SET COLLATION_CONNECTION=@OLD_COLLATION_CONNECTION */;
/*!40111 SET SQL_NOTES=@OLD_SQL_NOTES */;

-- Dump completed on 2022-01-24 10:18:25
